DateKey,Date,Fiscal_Year,Fiscal_Quarter,Month,Full_Date,MonthKey
20170701,7/1/2017,FY2018,FY2018 Q1,2017 Jul,"2017 Jul, 01",201707
20170702,7/2/2017,FY2018,FY2018 Q1,2017 Jul,"2017 Jul, 02",201707
20170703,7/3/2017,FY2018,FY2018 Q1,2017 Jul,"2017 Jul, 03",201707
20170704,7/4/2017,FY2018,FY2018 Q1,2017 Jul,"2017 Jul, 04",201707
20170705,7/5/2017,FY2018,FY2018 Q1,2017 Jul,"2017 Jul, 05",201707
20170706,7/6/2017,FY2018,FY2018 Q1,2017 Jul,"2017 Jul, 06",201707
20170707,7/7/2017,FY2018,FY2018 Q1,2017 Jul,"2017 Jul, 07",201707
20170708,7/8/2017,FY2018,FY2018 Q1,2017 Jul,"2017 Jul, 08",201707
20170709,7/9/2017,FY2018,FY2018 Q1,2017 Jul,"2017 Jul, 09",201707
20170710,7/10/2017,FY2018,FY2018 Q1,2017 Jul,"2017 Jul, 10",201707
20170711,7/11/2017,FY2018,FY2018 Q1,2017 Jul,"2017 Jul, 11",201707
20170712,7/12/2017,FY2018,FY2018 Q1,2017 Jul,"2017 Jul, 12",201707
20170713,7/13/2017,FY2018,FY2018 Q1,2017 Jul,"2017 Jul, 13",201707
20170714,7/14/2017,FY2018,FY2018 Q1,2017 Jul,"2017 Jul, 14",201707
20170715,7/15/2017,FY2018,FY2018 Q1,2017 Jul,"2017 Jul, 15",201707
20170716,7/16/2017,FY2018,FY2018 Q1,2017 Jul,"2017 Jul, 16",201707
20170717,7/17/2017,FY2018,FY2018 Q1,2017 Jul,"2017 Jul, 17",201707
20170718,7/18/2017,FY2018,FY2018 Q1,2017 Jul,"2017 Jul, 18",201707
20170719,7/19/2017,FY2018,FY2018 Q1,2017 Jul,"2017 Jul, 19",201707
20170720,7/20/2017,FY2018,FY2018 Q1,2017 Jul,"2017 Jul, 20",201707
20170721,7/21/2017,FY2018,FY2018 Q1,2017 Jul,"2017 Jul, 21",201707
20170722,7/22/2017,FY2018,FY2018 Q1,2017 Jul,"2017 Jul, 22",201707
20170723,7/23/2017,FY2018,FY2018 Q1,2017 Jul,"2017 Jul, 23",201707
20170724,7/24/2017,FY2018,FY2018 Q1,2017 Jul,"2017 Jul, 24",201707
20170725,7/25/2017,FY2018,FY2018 Q1,2017 Jul,"2017 Jul, 25",201707
20170726,7/26/2017,FY2018,FY2018 Q1,2017 Jul,"2017 Jul, 26",201707
20170727,7/27/2017,FY2018,FY2018 Q1,2017 Jul,"2017 Jul, 27",201707
20170728,7/28/2017,FY2018,FY2018 Q1,2017 Jul,"2017 Jul, 28",201707
20170729,7/29/2017,FY2018,FY2018 Q1,2017 Jul,"2017 Jul, 29",201707
20170730,7/30/2017,FY2018,FY2018 Q1,2017 Jul,"2017 Jul, 30",201707
20170731,7/31/2017,FY2018,FY2018 Q1,2017 Jul,"2017 Jul, 31",201707
20170801,8/1/2017,FY2018,FY2018 Q1,2017 Aug,"2017 Aug, 01",201708
20170802,8/2/2017,FY2018,FY2018 Q1,2017 Aug,"2017 Aug, 02",201708
20170803,8/3/2017,FY2018,FY2018 Q1,2017 Aug,"2017 Aug, 03",201708
20170804,8/4/2017,FY2018,FY2018 Q1,2017 Aug,"2017 Aug, 04",201708
20170805,8/5/2017,FY2018,FY2018 Q1,2017 Aug,"2017 Aug, 05",201708
20170806,8/6/2017,FY2018,FY2018 Q1,2017 Aug,"2017 Aug, 06",201708
20170807,8/7/2017,FY2018,FY2018 Q1,2017 Aug,"2017 Aug, 07",201708
20170808,8/8/2017,FY2018,FY2018 Q1,2017 Aug,"2017 Aug, 08",201708
20170809,8/9/2017,FY2018,FY2018 Q1,2017 Aug,"2017 Aug, 09",201708
20170810,8/10/2017,FY2018,FY2018 Q1,2017 Aug,"2017 Aug, 10",201708
20170811,8/11/2017,FY2018,FY2018 Q1,2017 Aug,"2017 Aug, 11",201708
20170812,8/12/2017,FY2018,FY2018 Q1,2017 Aug,"2017 Aug, 12",201708
20170813,8/13/2017,FY2018,FY2018 Q1,2017 Aug,"2017 Aug, 13",201708
20170814,8/14/2017,FY2018,FY2018 Q1,2017 Aug,"2017 Aug, 14",201708
20170815,8/15/2017,FY2018,FY2018 Q1,2017 Aug,"2017 Aug, 15",201708
20170816,8/16/2017,FY2018,FY2018 Q1,2017 Aug,"2017 Aug, 16",201708
20170817,8/17/2017,FY2018,FY2018 Q1,2017 Aug,"2017 Aug, 17",201708
20170818,8/18/2017,FY2018,FY2018 Q1,2017 Aug,"2017 Aug, 18",201708
20170819,8/19/2017,FY2018,FY2018 Q1,2017 Aug,"2017 Aug, 19",201708
20170820,8/20/2017,FY2018,FY2018 Q1,2017 Aug,"2017 Aug, 20",201708
20170821,8/21/2017,FY2018,FY2018 Q1,2017 Aug,"2017 Aug, 21",201708
20170822,8/22/2017,FY2018,FY2018 Q1,2017 Aug,"2017 Aug, 22",201708
20170823,8/23/2017,FY2018,FY2018 Q1,2017 Aug,"2017 Aug, 23",201708
20170824,8/24/2017,FY2018,FY2018 Q1,2017 Aug,"2017 Aug, 24",201708
20170825,8/25/2017,FY2018,FY2018 Q1,2017 Aug,"2017 Aug, 25",201708
20170826,8/26/2017,FY2018,FY2018 Q1,2017 Aug,"2017 Aug, 26",201708
20170827,8/27/2017,FY2018,FY2018 Q1,2017 Aug,"2017 Aug, 27",201708
20170828,8/28/2017,FY2018,FY2018 Q1,2017 Aug,"2017 Aug, 28",201708
20170829,8/29/2017,FY2018,FY2018 Q1,2017 Aug,"2017 Aug, 29",201708
20170830,8/30/2017,FY2018,FY2018 Q1,2017 Aug,"2017 Aug, 30",201708
20170831,8/31/2017,FY2018,FY2018 Q1,2017 Aug,"2017 Aug, 31",201708
20170901,9/1/2017,FY2018,FY2018 Q1,2017 Sep,"2017 Sep, 01",201709
20170902,9/2/2017,FY2018,FY2018 Q1,2017 Sep,"2017 Sep, 02",201709
20170903,9/3/2017,FY2018,FY2018 Q1,2017 Sep,"2017 Sep, 03",201709
20170904,9/4/2017,FY2018,FY2018 Q1,2017 Sep,"2017 Sep, 04",201709
20170905,9/5/2017,FY2018,FY2018 Q1,2017 Sep,"2017 Sep, 05",201709
20170906,9/6/2017,FY2018,FY2018 Q1,2017 Sep,"2017 Sep, 06",201709
20170907,9/7/2017,FY2018,FY2018 Q1,2017 Sep,"2017 Sep, 07",201709
20170908,9/8/2017,FY2018,FY2018 Q1,2017 Sep,"2017 Sep, 08",201709
20170909,9/9/2017,FY2018,FY2018 Q1,2017 Sep,"2017 Sep, 09",201709
20170910,9/10/2017,FY2018,FY2018 Q1,2017 Sep,"2017 Sep, 10",201709
20170911,9/11/2017,FY2018,FY2018 Q1,2017 Sep,"2017 Sep, 11",201709
20170912,9/12/2017,FY2018,FY2018 Q1,2017 Sep,"2017 Sep, 12",201709
20170913,9/13/2017,FY2018,FY2018 Q1,2017 Sep,"2017 Sep, 13",201709
20170914,9/14/2017,FY2018,FY2018 Q1,2017 Sep,"2017 Sep, 14",201709
20170915,9/15/2017,FY2018,FY2018 Q1,2017 Sep,"2017 Sep, 15",201709
20170916,9/16/2017,FY2018,FY2018 Q1,2017 Sep,"2017 Sep, 16",201709
20170917,9/17/2017,FY2018,FY2018 Q1,2017 Sep,"2017 Sep, 17",201709
20170918,9/18/2017,FY2018,FY2018 Q1,2017 Sep,"2017 Sep, 18",201709
20170919,9/19/2017,FY2018,FY2018 Q1,2017 Sep,"2017 Sep, 19",201709
20170920,9/20/2017,FY2018,FY2018 Q1,2017 Sep,"2017 Sep, 20",201709
20170921,9/21/2017,FY2018,FY2018 Q1,2017 Sep,"2017 Sep, 21",201709
20170922,9/22/2017,FY2018,FY2018 Q1,2017 Sep,"2017 Sep, 22",201709
20170923,9/23/2017,FY2018,FY2018 Q1,2017 Sep,"2017 Sep, 23",201709
20170924,9/24/2017,FY2018,FY2018 Q1,2017 Sep,"2017 Sep, 24",201709
20170925,9/25/2017,FY2018,FY2018 Q1,2017 Sep,"2017 Sep, 25",201709
20170926,9/26/2017,FY2018,FY2018 Q1,2017 Sep,"2017 Sep, 26",201709
20170927,9/27/2017,FY2018,FY2018 Q1,2017 Sep,"2017 Sep, 27",201709
20170928,9/28/2017,FY2018,FY2018 Q1,2017 Sep,"2017 Sep, 28",201709
20170929,9/29/2017,FY2018,FY2018 Q1,2017 Sep,"2017 Sep, 29",201709
20170930,9/30/2017,FY2018,FY2018 Q1,2017 Sep,"2017 Sep, 30",201709
20171001,10/1/2017,FY2018,FY2018 Q2,2017 Oct,"2017 Oct, 01",201710
20171002,10/2/2017,FY2018,FY2018 Q2,2017 Oct,"2017 Oct, 02",201710
20171003,10/3/2017,FY2018,FY2018 Q2,2017 Oct,"2017 Oct, 03",201710
20171004,10/4/2017,FY2018,FY2018 Q2,2017 Oct,"2017 Oct, 04",201710
20171005,10/5/2017,FY2018,FY2018 Q2,2017 Oct,"2017 Oct, 05",201710
20171006,10/6/2017,FY2018,FY2018 Q2,2017 Oct,"2017 Oct, 06",201710
20171007,10/7/2017,FY2018,FY2018 Q2,2017 Oct,"2017 Oct, 07",201710
20171008,10/8/2017,FY2018,FY2018 Q2,2017 Oct,"2017 Oct, 08",201710
20171009,10/9/2017,FY2018,FY2018 Q2,2017 Oct,"2017 Oct, 09",201710
20171010,10/10/2017,FY2018,FY2018 Q2,2017 Oct,"2017 Oct, 10",201710
20171011,10/11/2017,FY2018,FY2018 Q2,2017 Oct,"2017 Oct, 11",201710
20171012,10/12/2017,FY2018,FY2018 Q2,2017 Oct,"2017 Oct, 12",201710
20171013,10/13/2017,FY2018,FY2018 Q2,2017 Oct,"2017 Oct, 13",201710
20171014,10/14/2017,FY2018,FY2018 Q2,2017 Oct,"2017 Oct, 14",201710
20171015,10/15/2017,FY2018,FY2018 Q2,2017 Oct,"2017 Oct, 15",201710
20171016,10/16/2017,FY2018,FY2018 Q2,2017 Oct,"2017 Oct, 16",201710
20171017,10/17/2017,FY2018,FY2018 Q2,2017 Oct,"2017 Oct, 17",201710
20171018,10/18/2017,FY2018,FY2018 Q2,2017 Oct,"2017 Oct, 18",201710
20171019,10/19/2017,FY2018,FY2018 Q2,2017 Oct,"2017 Oct, 19",201710
20171020,10/20/2017,FY2018,FY2018 Q2,2017 Oct,"2017 Oct, 20",201710
20171021,10/21/2017,FY2018,FY2018 Q2,2017 Oct,"2017 Oct, 21",201710
20171022,10/22/2017,FY2018,FY2018 Q2,2017 Oct,"2017 Oct, 22",201710
20171023,10/23/2017,FY2018,FY2018 Q2,2017 Oct,"2017 Oct, 23",201710
20171024,10/24/2017,FY2018,FY2018 Q2,2017 Oct,"2017 Oct, 24",201710
20171025,10/25/2017,FY2018,FY2018 Q2,2017 Oct,"2017 Oct, 25",201710
20171026,10/26/2017,FY2018,FY2018 Q2,2017 Oct,"2017 Oct, 26",201710
20171027,10/27/2017,FY2018,FY2018 Q2,2017 Oct,"2017 Oct, 27",201710
20171028,10/28/2017,FY2018,FY2018 Q2,2017 Oct,"2017 Oct, 28",201710
20171029,10/29/2017,FY2018,FY2018 Q2,2017 Oct,"2017 Oct, 29",201710
20171030,10/30/2017,FY2018,FY2018 Q2,2017 Oct,"2017 Oct, 30",201710
20171031,10/31/2017,FY2018,FY2018 Q2,2017 Oct,"2017 Oct, 31",201710
20171101,11/1/2017,FY2018,FY2018 Q2,2017 Nov,"2017 Nov, 01",201711
20171102,11/2/2017,FY2018,FY2018 Q2,2017 Nov,"2017 Nov, 02",201711
20171103,11/3/2017,FY2018,FY2018 Q2,2017 Nov,"2017 Nov, 03",201711
20171104,11/4/2017,FY2018,FY2018 Q2,2017 Nov,"2017 Nov, 04",201711
20171105,11/5/2017,FY2018,FY2018 Q2,2017 Nov,"2017 Nov, 05",201711
20171106,11/6/2017,FY2018,FY2018 Q2,2017 Nov,"2017 Nov, 06",201711
20171107,11/7/2017,FY2018,FY2018 Q2,2017 Nov,"2017 Nov, 07",201711
20171108,11/8/2017,FY2018,FY2018 Q2,2017 Nov,"2017 Nov, 08",201711
20171109,11/9/2017,FY2018,FY2018 Q2,2017 Nov,"2017 Nov, 09",201711
20171110,11/10/2017,FY2018,FY2018 Q2,2017 Nov,"2017 Nov, 10",201711
20171111,11/11/2017,FY2018,FY2018 Q2,2017 Nov,"2017 Nov, 11",201711
20171112,11/12/2017,FY2018,FY2018 Q2,2017 Nov,"2017 Nov, 12",201711
20171113,11/13/2017,FY2018,FY2018 Q2,2017 Nov,"2017 Nov, 13",201711
20171114,11/14/2017,FY2018,FY2018 Q2,2017 Nov,"2017 Nov, 14",201711
20171115,11/15/2017,FY2018,FY2018 Q2,2017 Nov,"2017 Nov, 15",201711
20171116,11/16/2017,FY2018,FY2018 Q2,2017 Nov,"2017 Nov, 16",201711
20171117,11/17/2017,FY2018,FY2018 Q2,2017 Nov,"2017 Nov, 17",201711
20171118,11/18/2017,FY2018,FY2018 Q2,2017 Nov,"2017 Nov, 18",201711
20171119,11/19/2017,FY2018,FY2018 Q2,2017 Nov,"2017 Nov, 19",201711
20171120,11/20/2017,FY2018,FY2018 Q2,2017 Nov,"2017 Nov, 20",201711
20171121,11/21/2017,FY2018,FY2018 Q2,2017 Nov,"2017 Nov, 21",201711
20171122,11/22/2017,FY2018,FY2018 Q2,2017 Nov,"2017 Nov, 22",201711
20171123,11/23/2017,FY2018,FY2018 Q2,2017 Nov,"2017 Nov, 23",201711
20171124,11/24/2017,FY2018,FY2018 Q2,2017 Nov,"2017 Nov, 24",201711
20171125,11/25/2017,FY2018,FY2018 Q2,2017 Nov,"2017 Nov, 25",201711
20171126,11/26/2017,FY2018,FY2018 Q2,2017 Nov,"2017 Nov, 26",201711
20171127,11/27/2017,FY2018,FY2018 Q2,2017 Nov,"2017 Nov, 27",201711
20171128,11/28/2017,FY2018,FY2018 Q2,2017 Nov,"2017 Nov, 28",201711
20171129,11/29/2017,FY2018,FY2018 Q2,2017 Nov,"2017 Nov, 29",201711
20171130,11/30/2017,FY2018,FY2018 Q2,2017 Nov,"2017 Nov, 30",201711
20171201,12/1/2017,FY2018,FY2018 Q2,2017 Dec,"2017 Dec, 01",201712
20171202,12/2/2017,FY2018,FY2018 Q2,2017 Dec,"2017 Dec, 02",201712
20171203,12/3/2017,FY2018,FY2018 Q2,2017 Dec,"2017 Dec, 03",201712
20171204,12/4/2017,FY2018,FY2018 Q2,2017 Dec,"2017 Dec, 04",201712
20171205,12/5/2017,FY2018,FY2018 Q2,2017 Dec,"2017 Dec, 05",201712
20171206,12/6/2017,FY2018,FY2018 Q2,2017 Dec,"2017 Dec, 06",201712
20171207,12/7/2017,FY2018,FY2018 Q2,2017 Dec,"2017 Dec, 07",201712
20171208,12/8/2017,FY2018,FY2018 Q2,2017 Dec,"2017 Dec, 08",201712
20171209,12/9/2017,FY2018,FY2018 Q2,2017 Dec,"2017 Dec, 09",201712
20171210,12/10/2017,FY2018,FY2018 Q2,2017 Dec,"2017 Dec, 10",201712
20171211,12/11/2017,FY2018,FY2018 Q2,2017 Dec,"2017 Dec, 11",201712
20171212,12/12/2017,FY2018,FY2018 Q2,2017 Dec,"2017 Dec, 12",201712
20171213,12/13/2017,FY2018,FY2018 Q2,2017 Dec,"2017 Dec, 13",201712
20171214,12/14/2017,FY2018,FY2018 Q2,2017 Dec,"2017 Dec, 14",201712
20171215,12/15/2017,FY2018,FY2018 Q2,2017 Dec,"2017 Dec, 15",201712
20171216,12/16/2017,FY2018,FY2018 Q2,2017 Dec,"2017 Dec, 16",201712
20171217,12/17/2017,FY2018,FY2018 Q2,2017 Dec,"2017 Dec, 17",201712
20171218,12/18/2017,FY2018,FY2018 Q2,2017 Dec,"2017 Dec, 18",201712
20171219,12/19/2017,FY2018,FY2018 Q2,2017 Dec,"2017 Dec, 19",201712
20171220,12/20/2017,FY2018,FY2018 Q2,2017 Dec,"2017 Dec, 20",201712
20171221,12/21/2017,FY2018,FY2018 Q2,2017 Dec,"2017 Dec, 21",201712
20171222,12/22/2017,FY2018,FY2018 Q2,2017 Dec,"2017 Dec, 22",201712
20171223,12/23/2017,FY2018,FY2018 Q2,2017 Dec,"2017 Dec, 23",201712
20171224,12/24/2017,FY2018,FY2018 Q2,2017 Dec,"2017 Dec, 24",201712
20171225,12/25/2017,FY2018,FY2018 Q2,2017 Dec,"2017 Dec, 25",201712
20171226,12/26/2017,FY2018,FY2018 Q2,2017 Dec,"2017 Dec, 26",201712
20171227,12/27/2017,FY2018,FY2018 Q2,2017 Dec,"2017 Dec, 27",201712
20171228,12/28/2017,FY2018,FY2018 Q2,2017 Dec,"2017 Dec, 28",201712
20171229,12/29/2017,FY2018,FY2018 Q2,2017 Dec,"2017 Dec, 29",201712
20171230,12/30/2017,FY2018,FY2018 Q2,2017 Dec,"2017 Dec, 30",201712
20171231,12/31/2017,FY2018,FY2018 Q2,2017 Dec,"2017 Dec, 31",201712
20180101,1/1/2018,FY2018,FY2018 Q3,2018 Jan,"2018 Jan, 01",201801
20180102,1/2/2018,FY2018,FY2018 Q3,2018 Jan,"2018 Jan, 02",201801
20180103,1/3/2018,FY2018,FY2018 Q3,2018 Jan,"2018 Jan, 03",201801
20180104,1/4/2018,FY2018,FY2018 Q3,2018 Jan,"2018 Jan, 04",201801
20180105,1/5/2018,FY2018,FY2018 Q3,2018 Jan,"2018 Jan, 05",201801
20180106,1/6/2018,FY2018,FY2018 Q3,2018 Jan,"2018 Jan, 06",201801
20180107,1/7/2018,FY2018,FY2018 Q3,2018 Jan,"2018 Jan, 07",201801
20180108,1/8/2018,FY2018,FY2018 Q3,2018 Jan,"2018 Jan, 08",201801
20180109,1/9/2018,FY2018,FY2018 Q3,2018 Jan,"2018 Jan, 09",201801
20180110,1/10/2018,FY2018,FY2018 Q3,2018 Jan,"2018 Jan, 10",201801
20180111,1/11/2018,FY2018,FY2018 Q3,2018 Jan,"2018 Jan, 11",201801
20180112,1/12/2018,FY2018,FY2018 Q3,2018 Jan,"2018 Jan, 12",201801
20180113,1/13/2018,FY2018,FY2018 Q3,2018 Jan,"2018 Jan, 13",201801
20180114,1/14/2018,FY2018,FY2018 Q3,2018 Jan,"2018 Jan, 14",201801
20180115,1/15/2018,FY2018,FY2018 Q3,2018 Jan,"2018 Jan, 15",201801
20180116,1/16/2018,FY2018,FY2018 Q3,2018 Jan,"2018 Jan, 16",201801
20180117,1/17/2018,FY2018,FY2018 Q3,2018 Jan,"2018 Jan, 17",201801
20180118,1/18/2018,FY2018,FY2018 Q3,2018 Jan,"2018 Jan, 18",201801
20180119,1/19/2018,FY2018,FY2018 Q3,2018 Jan,"2018 Jan, 19",201801
20180120,1/20/2018,FY2018,FY2018 Q3,2018 Jan,"2018 Jan, 20",201801
20180121,1/21/2018,FY2018,FY2018 Q3,2018 Jan,"2018 Jan, 21",201801
20180122,1/22/2018,FY2018,FY2018 Q3,2018 Jan,"2018 Jan, 22",201801
20180123,1/23/2018,FY2018,FY2018 Q3,2018 Jan,"2018 Jan, 23",201801
20180124,1/24/2018,FY2018,FY2018 Q3,2018 Jan,"2018 Jan, 24",201801
20180125,1/25/2018,FY2018,FY2018 Q3,2018 Jan,"2018 Jan, 25",201801
20180126,1/26/2018,FY2018,FY2018 Q3,2018 Jan,"2018 Jan, 26",201801
20180127,1/27/2018,FY2018,FY2018 Q3,2018 Jan,"2018 Jan, 27",201801
20180128,1/28/2018,FY2018,FY2018 Q3,2018 Jan,"2018 Jan, 28",201801
20180129,1/29/2018,FY2018,FY2018 Q3,2018 Jan,"2018 Jan, 29",201801
20180130,1/30/2018,FY2018,FY2018 Q3,2018 Jan,"2018 Jan, 30",201801
20180131,1/31/2018,FY2018,FY2018 Q3,2018 Jan,"2018 Jan, 31",201801
20180201,2/1/2018,FY2018,FY2018 Q3,2018 Feb,"2018 Feb, 01",201802
20180202,2/2/2018,FY2018,FY2018 Q3,2018 Feb,"2018 Feb, 02",201802
20180203,2/3/2018,FY2018,FY2018 Q3,2018 Feb,"2018 Feb, 03",201802
20180204,2/4/2018,FY2018,FY2018 Q3,2018 Feb,"2018 Feb, 04",201802
20180205,2/5/2018,FY2018,FY2018 Q3,2018 Feb,"2018 Feb, 05",201802
20180206,2/6/2018,FY2018,FY2018 Q3,2018 Feb,"2018 Feb, 06",201802
20180207,2/7/2018,FY2018,FY2018 Q3,2018 Feb,"2018 Feb, 07",201802
20180208,2/8/2018,FY2018,FY2018 Q3,2018 Feb,"2018 Feb, 08",201802
20180209,2/9/2018,FY2018,FY2018 Q3,2018 Feb,"2018 Feb, 09",201802
20180210,2/10/2018,FY2018,FY2018 Q3,2018 Feb,"2018 Feb, 10",201802
20180211,2/11/2018,FY2018,FY2018 Q3,2018 Feb,"2018 Feb, 11",201802
20180212,2/12/2018,FY2018,FY2018 Q3,2018 Feb,"2018 Feb, 12",201802
20180213,2/13/2018,FY2018,FY2018 Q3,2018 Feb,"2018 Feb, 13",201802
20180214,2/14/2018,FY2018,FY2018 Q3,2018 Feb,"2018 Feb, 14",201802
20180215,2/15/2018,FY2018,FY2018 Q3,2018 Feb,"2018 Feb, 15",201802
20180216,2/16/2018,FY2018,FY2018 Q3,2018 Feb,"2018 Feb, 16",201802
20180217,2/17/2018,FY2018,FY2018 Q3,2018 Feb,"2018 Feb, 17",201802
20180218,2/18/2018,FY2018,FY2018 Q3,2018 Feb,"2018 Feb, 18",201802
20180219,2/19/2018,FY2018,FY2018 Q3,2018 Feb,"2018 Feb, 19",201802
20180220,2/20/2018,FY2018,FY2018 Q3,2018 Feb,"2018 Feb, 20",201802
20180221,2/21/2018,FY2018,FY2018 Q3,2018 Feb,"2018 Feb, 21",201802
20180222,2/22/2018,FY2018,FY2018 Q3,2018 Feb,"2018 Feb, 22",201802
20180223,2/23/2018,FY2018,FY2018 Q3,2018 Feb,"2018 Feb, 23",201802
20180224,2/24/2018,FY2018,FY2018 Q3,2018 Feb,"2018 Feb, 24",201802
20180225,2/25/2018,FY2018,FY2018 Q3,2018 Feb,"2018 Feb, 25",201802
20180226,2/26/2018,FY2018,FY2018 Q3,2018 Feb,"2018 Feb, 26",201802
20180227,2/27/2018,FY2018,FY2018 Q3,2018 Feb,"2018 Feb, 27",201802
20180228,2/28/2018,FY2018,FY2018 Q3,2018 Feb,"2018 Feb, 28",201802
20180301,3/1/2018,FY2018,FY2018 Q3,2018 Mar,"2018 Mar, 01",201803
20180302,3/2/2018,FY2018,FY2018 Q3,2018 Mar,"2018 Mar, 02",201803
20180303,3/3/2018,FY2018,FY2018 Q3,2018 Mar,"2018 Mar, 03",201803
20180304,3/4/2018,FY2018,FY2018 Q3,2018 Mar,"2018 Mar, 04",201803
20180305,3/5/2018,FY2018,FY2018 Q3,2018 Mar,"2018 Mar, 05",201803
20180306,3/6/2018,FY2018,FY2018 Q3,2018 Mar,"2018 Mar, 06",201803
20180307,3/7/2018,FY2018,FY2018 Q3,2018 Mar,"2018 Mar, 07",201803
20180308,3/8/2018,FY2018,FY2018 Q3,2018 Mar,"2018 Mar, 08",201803
20180309,3/9/2018,FY2018,FY2018 Q3,2018 Mar,"2018 Mar, 09",201803
20180310,3/10/2018,FY2018,FY2018 Q3,2018 Mar,"2018 Mar, 10",201803
20180311,3/11/2018,FY2018,FY2018 Q3,2018 Mar,"2018 Mar, 11",201803
20180312,3/12/2018,FY2018,FY2018 Q3,2018 Mar,"2018 Mar, 12",201803
20180313,3/13/2018,FY2018,FY2018 Q3,2018 Mar,"2018 Mar, 13",201803
20180314,3/14/2018,FY2018,FY2018 Q3,2018 Mar,"2018 Mar, 14",201803
20180315,3/15/2018,FY2018,FY2018 Q3,2018 Mar,"2018 Mar, 15",201803
20180316,3/16/2018,FY2018,FY2018 Q3,2018 Mar,"2018 Mar, 16",201803
20180317,3/17/2018,FY2018,FY2018 Q3,2018 Mar,"2018 Mar, 17",201803
20180318,3/18/2018,FY2018,FY2018 Q3,2018 Mar,"2018 Mar, 18",201803
20180319,3/19/2018,FY2018,FY2018 Q3,2018 Mar,"2018 Mar, 19",201803
20180320,3/20/2018,FY2018,FY2018 Q3,2018 Mar,"2018 Mar, 20",201803
20180321,3/21/2018,FY2018,FY2018 Q3,2018 Mar,"2018 Mar, 21",201803
20180322,3/22/2018,FY2018,FY2018 Q3,2018 Mar,"2018 Mar, 22",201803
20180323,3/23/2018,FY2018,FY2018 Q3,2018 Mar,"2018 Mar, 23",201803
20180324,3/24/2018,FY2018,FY2018 Q3,2018 Mar,"2018 Mar, 24",201803
20180325,3/25/2018,FY2018,FY2018 Q3,2018 Mar,"2018 Mar, 25",201803
20180326,3/26/2018,FY2018,FY2018 Q3,2018 Mar,"2018 Mar, 26",201803
20180327,3/27/2018,FY2018,FY2018 Q3,2018 Mar,"2018 Mar, 27",201803
20180328,3/28/2018,FY2018,FY2018 Q3,2018 Mar,"2018 Mar, 28",201803
20180329,3/29/2018,FY2018,FY2018 Q3,2018 Mar,"2018 Mar, 29",201803
20180330,3/30/2018,FY2018,FY2018 Q3,2018 Mar,"2018 Mar, 30",201803
20180331,3/31/2018,FY2018,FY2018 Q3,2018 Mar,"2018 Mar, 31",201803
20180401,4/1/2018,FY2018,FY2018 Q4,2018 Apr,"2018 Apr, 01",201804
20180402,4/2/2018,FY2018,FY2018 Q4,2018 Apr,"2018 Apr, 02",201804
20180403,4/3/2018,FY2018,FY2018 Q4,2018 Apr,"2018 Apr, 03",201804
20180404,4/4/2018,FY2018,FY2018 Q4,2018 Apr,"2018 Apr, 04",201804
20180405,4/5/2018,FY2018,FY2018 Q4,2018 Apr,"2018 Apr, 05",201804
20180406,4/6/2018,FY2018,FY2018 Q4,2018 Apr,"2018 Apr, 06",201804
20180407,4/7/2018,FY2018,FY2018 Q4,2018 Apr,"2018 Apr, 07",201804
20180408,4/8/2018,FY2018,FY2018 Q4,2018 Apr,"2018 Apr, 08",201804
20180409,4/9/2018,FY2018,FY2018 Q4,2018 Apr,"2018 Apr, 09",201804
20180410,4/10/2018,FY2018,FY2018 Q4,2018 Apr,"2018 Apr, 10",201804
20180411,4/11/2018,FY2018,FY2018 Q4,2018 Apr,"2018 Apr, 11",201804
20180412,4/12/2018,FY2018,FY2018 Q4,2018 Apr,"2018 Apr, 12",201804
20180413,4/13/2018,FY2018,FY2018 Q4,2018 Apr,"2018 Apr, 13",201804
20180414,4/14/2018,FY2018,FY2018 Q4,2018 Apr,"2018 Apr, 14",201804
20180415,4/15/2018,FY2018,FY2018 Q4,2018 Apr,"2018 Apr, 15",201804
20180416,4/16/2018,FY2018,FY2018 Q4,2018 Apr,"2018 Apr, 16",201804
20180417,4/17/2018,FY2018,FY2018 Q4,2018 Apr,"2018 Apr, 17",201804
20180418,4/18/2018,FY2018,FY2018 Q4,2018 Apr,"2018 Apr, 18",201804
20180419,4/19/2018,FY2018,FY2018 Q4,2018 Apr,"2018 Apr, 19",201804
20180420,4/20/2018,FY2018,FY2018 Q4,2018 Apr,"2018 Apr, 20",201804
20180421,4/21/2018,FY2018,FY2018 Q4,2018 Apr,"2018 Apr, 21",201804
20180422,4/22/2018,FY2018,FY2018 Q4,2018 Apr,"2018 Apr, 22",201804
20180423,4/23/2018,FY2018,FY2018 Q4,2018 Apr,"2018 Apr, 23",201804
20180424,4/24/2018,FY2018,FY2018 Q4,2018 Apr,"2018 Apr, 24",201804
20180425,4/25/2018,FY2018,FY2018 Q4,2018 Apr,"2018 Apr, 25",201804
20180426,4/26/2018,FY2018,FY2018 Q4,2018 Apr,"2018 Apr, 26",201804
20180427,4/27/2018,FY2018,FY2018 Q4,2018 Apr,"2018 Apr, 27",201804
20180428,4/28/2018,FY2018,FY2018 Q4,2018 Apr,"2018 Apr, 28",201804
20180429,4/29/2018,FY2018,FY2018 Q4,2018 Apr,"2018 Apr, 29",201804
20180430,4/30/2018,FY2018,FY2018 Q4,2018 Apr,"2018 Apr, 30",201804
20180501,5/1/2018,FY2018,FY2018 Q4,2018 May,"2018 May, 01",201805
20180502,5/2/2018,FY2018,FY2018 Q4,2018 May,"2018 May, 02",201805
20180503,5/3/2018,FY2018,FY2018 Q4,2018 May,"2018 May, 03",201805
20180504,5/4/2018,FY2018,FY2018 Q4,2018 May,"2018 May, 04",201805
20180505,5/5/2018,FY2018,FY2018 Q4,2018 May,"2018 May, 05",201805
20180506,5/6/2018,FY2018,FY2018 Q4,2018 May,"2018 May, 06",201805
20180507,5/7/2018,FY2018,FY2018 Q4,2018 May,"2018 May, 07",201805
20180508,5/8/2018,FY2018,FY2018 Q4,2018 May,"2018 May, 08",201805
20180509,5/9/2018,FY2018,FY2018 Q4,2018 May,"2018 May, 09",201805
20180510,5/10/2018,FY2018,FY2018 Q4,2018 May,"2018 May, 10",201805
20180511,5/11/2018,FY2018,FY2018 Q4,2018 May,"2018 May, 11",201805
20180512,5/12/2018,FY2018,FY2018 Q4,2018 May,"2018 May, 12",201805
20180513,5/13/2018,FY2018,FY2018 Q4,2018 May,"2018 May, 13",201805
20180514,5/14/2018,FY2018,FY2018 Q4,2018 May,"2018 May, 14",201805
20180515,5/15/2018,FY2018,FY2018 Q4,2018 May,"2018 May, 15",201805
20180516,5/16/2018,FY2018,FY2018 Q4,2018 May,"2018 May, 16",201805
20180517,5/17/2018,FY2018,FY2018 Q4,2018 May,"2018 May, 17",201805
20180518,5/18/2018,FY2018,FY2018 Q4,2018 May,"2018 May, 18",201805
20180519,5/19/2018,FY2018,FY2018 Q4,2018 May,"2018 May, 19",201805
20180520,5/20/2018,FY2018,FY2018 Q4,2018 May,"2018 May, 20",201805
20180521,5/21/2018,FY2018,FY2018 Q4,2018 May,"2018 May, 21",201805
20180522,5/22/2018,FY2018,FY2018 Q4,2018 May,"2018 May, 22",201805
20180523,5/23/2018,FY2018,FY2018 Q4,2018 May,"2018 May, 23",201805
20180524,5/24/2018,FY2018,FY2018 Q4,2018 May,"2018 May, 24",201805
20180525,5/25/2018,FY2018,FY2018 Q4,2018 May,"2018 May, 25",201805
20180526,5/26/2018,FY2018,FY2018 Q4,2018 May,"2018 May, 26",201805
20180527,5/27/2018,FY2018,FY2018 Q4,2018 May,"2018 May, 27",201805
20180528,5/28/2018,FY2018,FY2018 Q4,2018 May,"2018 May, 28",201805
20180529,5/29/2018,FY2018,FY2018 Q4,2018 May,"2018 May, 29",201805
20180530,5/30/2018,FY2018,FY2018 Q4,2018 May,"2018 May, 30",201805
20180531,5/31/2018,FY2018,FY2018 Q4,2018 May,"2018 May, 31",201805
20180601,6/1/2018,FY2018,FY2018 Q4,2018 Jun,"2018 Jun, 01",201806
20180602,6/2/2018,FY2018,FY2018 Q4,2018 Jun,"2018 Jun, 02",201806
20180603,6/3/2018,FY2018,FY2018 Q4,2018 Jun,"2018 Jun, 03",201806
20180604,6/4/2018,FY2018,FY2018 Q4,2018 Jun,"2018 Jun, 04",201806
20180605,6/5/2018,FY2018,FY2018 Q4,2018 Jun,"2018 Jun, 05",201806
20180606,6/6/2018,FY2018,FY2018 Q4,2018 Jun,"2018 Jun, 06",201806
20180607,6/7/2018,FY2018,FY2018 Q4,2018 Jun,"2018 Jun, 07",201806
20180608,6/8/2018,FY2018,FY2018 Q4,2018 Jun,"2018 Jun, 08",201806
20180609,6/9/2018,FY2018,FY2018 Q4,2018 Jun,"2018 Jun, 09",201806
20180610,6/10/2018,FY2018,FY2018 Q4,2018 Jun,"2018 Jun, 10",201806
20180611,6/11/2018,FY2018,FY2018 Q4,2018 Jun,"2018 Jun, 11",201806
20180612,6/12/2018,FY2018,FY2018 Q4,2018 Jun,"2018 Jun, 12",201806
20180613,6/13/2018,FY2018,FY2018 Q4,2018 Jun,"2018 Jun, 13",201806
20180614,6/14/2018,FY2018,FY2018 Q4,2018 Jun,"2018 Jun, 14",201806
20180615,6/15/2018,FY2018,FY2018 Q4,2018 Jun,"2018 Jun, 15",201806
20180616,6/16/2018,FY2018,FY2018 Q4,2018 Jun,"2018 Jun, 16",201806
20180617,6/17/2018,FY2018,FY2018 Q4,2018 Jun,"2018 Jun, 17",201806
20180618,6/18/2018,FY2018,FY2018 Q4,2018 Jun,"2018 Jun, 18",201806
20180619,6/19/2018,FY2018,FY2018 Q4,2018 Jun,"2018 Jun, 19",201806
20180620,6/20/2018,FY2018,FY2018 Q4,2018 Jun,"2018 Jun, 20",201806
20180621,6/21/2018,FY2018,FY2018 Q4,2018 Jun,"2018 Jun, 21",201806
20180622,6/22/2018,FY2018,FY2018 Q4,2018 Jun,"2018 Jun, 22",201806
20180623,6/23/2018,FY2018,FY2018 Q4,2018 Jun,"2018 Jun, 23",201806
20180624,6/24/2018,FY2018,FY2018 Q4,2018 Jun,"2018 Jun, 24",201806
20180625,6/25/2018,FY2018,FY2018 Q4,2018 Jun,"2018 Jun, 25",201806
20180626,6/26/2018,FY2018,FY2018 Q4,2018 Jun,"2018 Jun, 26",201806
20180627,6/27/2018,FY2018,FY2018 Q4,2018 Jun,"2018 Jun, 27",201806
20180628,6/28/2018,FY2018,FY2018 Q4,2018 Jun,"2018 Jun, 28",201806
20180629,6/29/2018,FY2018,FY2018 Q4,2018 Jun,"2018 Jun, 29",201806
20180630,6/30/2018,FY2018,FY2018 Q4,2018 Jun,"2018 Jun, 30",201806
20180701,7/1/2018,FY2019,FY2019 Q1,2018 Jul,"2018 Jul, 01",201807
20180702,7/2/2018,FY2019,FY2019 Q1,2018 Jul,"2018 Jul, 02",201807
20180703,7/3/2018,FY2019,FY2019 Q1,2018 Jul,"2018 Jul, 03",201807
20180704,7/4/2018,FY2019,FY2019 Q1,2018 Jul,"2018 Jul, 04",201807
20180705,7/5/2018,FY2019,FY2019 Q1,2018 Jul,"2018 Jul, 05",201807
20180706,7/6/2018,FY2019,FY2019 Q1,2018 Jul,"2018 Jul, 06",201807
20180707,7/7/2018,FY2019,FY2019 Q1,2018 Jul,"2018 Jul, 07",201807
20180708,7/8/2018,FY2019,FY2019 Q1,2018 Jul,"2018 Jul, 08",201807
20180709,7/9/2018,FY2019,FY2019 Q1,2018 Jul,"2018 Jul, 09",201807
20180710,7/10/2018,FY2019,FY2019 Q1,2018 Jul,"2018 Jul, 10",201807
20180711,7/11/2018,FY2019,FY2019 Q1,2018 Jul,"2018 Jul, 11",201807
20180712,7/12/2018,FY2019,FY2019 Q1,2018 Jul,"2018 Jul, 12",201807
20180713,7/13/2018,FY2019,FY2019 Q1,2018 Jul,"2018 Jul, 13",201807
20180714,7/14/2018,FY2019,FY2019 Q1,2018 Jul,"2018 Jul, 14",201807
20180715,7/15/2018,FY2019,FY2019 Q1,2018 Jul,"2018 Jul, 15",201807
20180716,7/16/2018,FY2019,FY2019 Q1,2018 Jul,"2018 Jul, 16",201807
20180717,7/17/2018,FY2019,FY2019 Q1,2018 Jul,"2018 Jul, 17",201807
20180718,7/18/2018,FY2019,FY2019 Q1,2018 Jul,"2018 Jul, 18",201807
20180719,7/19/2018,FY2019,FY2019 Q1,2018 Jul,"2018 Jul, 19",201807
20180720,7/20/2018,FY2019,FY2019 Q1,2018 Jul,"2018 Jul, 20",201807
20180721,7/21/2018,FY2019,FY2019 Q1,2018 Jul,"2018 Jul, 21",201807
20180722,7/22/2018,FY2019,FY2019 Q1,2018 Jul,"2018 Jul, 22",201807
20180723,7/23/2018,FY2019,FY2019 Q1,2018 Jul,"2018 Jul, 23",201807
20180724,7/24/2018,FY2019,FY2019 Q1,2018 Jul,"2018 Jul, 24",201807
20180725,7/25/2018,FY2019,FY2019 Q1,2018 Jul,"2018 Jul, 25",201807
20180726,7/26/2018,FY2019,FY2019 Q1,2018 Jul,"2018 Jul, 26",201807
20180727,7/27/2018,FY2019,FY2019 Q1,2018 Jul,"2018 Jul, 27",201807
20180728,7/28/2018,FY2019,FY2019 Q1,2018 Jul,"2018 Jul, 28",201807
20180729,7/29/2018,FY2019,FY2019 Q1,2018 Jul,"2018 Jul, 29",201807
20180730,7/30/2018,FY2019,FY2019 Q1,2018 Jul,"2018 Jul, 30",201807
20180731,7/31/2018,FY2019,FY2019 Q1,2018 Jul,"2018 Jul, 31",201807
20180801,8/1/2018,FY2019,FY2019 Q1,2018 Aug,"2018 Aug, 01",201808
20180802,8/2/2018,FY2019,FY2019 Q1,2018 Aug,"2018 Aug, 02",201808
20180803,8/3/2018,FY2019,FY2019 Q1,2018 Aug,"2018 Aug, 03",201808
20180804,8/4/2018,FY2019,FY2019 Q1,2018 Aug,"2018 Aug, 04",201808
20180805,8/5/2018,FY2019,FY2019 Q1,2018 Aug,"2018 Aug, 05",201808
20180806,8/6/2018,FY2019,FY2019 Q1,2018 Aug,"2018 Aug, 06",201808
20180807,8/7/2018,FY2019,FY2019 Q1,2018 Aug,"2018 Aug, 07",201808
20180808,8/8/2018,FY2019,FY2019 Q1,2018 Aug,"2018 Aug, 08",201808
20180809,8/9/2018,FY2019,FY2019 Q1,2018 Aug,"2018 Aug, 09",201808
20180810,8/10/2018,FY2019,FY2019 Q1,2018 Aug,"2018 Aug, 10",201808
20180811,8/11/2018,FY2019,FY2019 Q1,2018 Aug,"2018 Aug, 11",201808
20180812,8/12/2018,FY2019,FY2019 Q1,2018 Aug,"2018 Aug, 12",201808
20180813,8/13/2018,FY2019,FY2019 Q1,2018 Aug,"2018 Aug, 13",201808
20180814,8/14/2018,FY2019,FY2019 Q1,2018 Aug,"2018 Aug, 14",201808
20180815,8/15/2018,FY2019,FY2019 Q1,2018 Aug,"2018 Aug, 15",201808
20180816,8/16/2018,FY2019,FY2019 Q1,2018 Aug,"2018 Aug, 16",201808
20180817,8/17/2018,FY2019,FY2019 Q1,2018 Aug,"2018 Aug, 17",201808
20180818,8/18/2018,FY2019,FY2019 Q1,2018 Aug,"2018 Aug, 18",201808
20180819,8/19/2018,FY2019,FY2019 Q1,2018 Aug,"2018 Aug, 19",201808
20180820,8/20/2018,FY2019,FY2019 Q1,2018 Aug,"2018 Aug, 20",201808
20180821,8/21/2018,FY2019,FY2019 Q1,2018 Aug,"2018 Aug, 21",201808
20180822,8/22/2018,FY2019,FY2019 Q1,2018 Aug,"2018 Aug, 22",201808
20180823,8/23/2018,FY2019,FY2019 Q1,2018 Aug,"2018 Aug, 23",201808
20180824,8/24/2018,FY2019,FY2019 Q1,2018 Aug,"2018 Aug, 24",201808
20180825,8/25/2018,FY2019,FY2019 Q1,2018 Aug,"2018 Aug, 25",201808
20180826,8/26/2018,FY2019,FY2019 Q1,2018 Aug,"2018 Aug, 26",201808
20180827,8/27/2018,FY2019,FY2019 Q1,2018 Aug,"2018 Aug, 27",201808
20180828,8/28/2018,FY2019,FY2019 Q1,2018 Aug,"2018 Aug, 28",201808
20180829,8/29/2018,FY2019,FY2019 Q1,2018 Aug,"2018 Aug, 29",201808
20180830,8/30/2018,FY2019,FY2019 Q1,2018 Aug,"2018 Aug, 30",201808
20180831,8/31/2018,FY2019,FY2019 Q1,2018 Aug,"2018 Aug, 31",201808
20180901,9/1/2018,FY2019,FY2019 Q1,2018 Sep,"2018 Sep, 01",201809
20180902,9/2/2018,FY2019,FY2019 Q1,2018 Sep,"2018 Sep, 02",201809
20180903,9/3/2018,FY2019,FY2019 Q1,2018 Sep,"2018 Sep, 03",201809
20180904,9/4/2018,FY2019,FY2019 Q1,2018 Sep,"2018 Sep, 04",201809
20180905,9/5/2018,FY2019,FY2019 Q1,2018 Sep,"2018 Sep, 05",201809
20180906,9/6/2018,FY2019,FY2019 Q1,2018 Sep,"2018 Sep, 06",201809
20180907,9/7/2018,FY2019,FY2019 Q1,2018 Sep,"2018 Sep, 07",201809
20180908,9/8/2018,FY2019,FY2019 Q1,2018 Sep,"2018 Sep, 08",201809
20180909,9/9/2018,FY2019,FY2019 Q1,2018 Sep,"2018 Sep, 09",201809
20180910,9/10/2018,FY2019,FY2019 Q1,2018 Sep,"2018 Sep, 10",201809
20180911,9/11/2018,FY2019,FY2019 Q1,2018 Sep,"2018 Sep, 11",201809
20180912,9/12/2018,FY2019,FY2019 Q1,2018 Sep,"2018 Sep, 12",201809
20180913,9/13/2018,FY2019,FY2019 Q1,2018 Sep,"2018 Sep, 13",201809
20180914,9/14/2018,FY2019,FY2019 Q1,2018 Sep,"2018 Sep, 14",201809
20180915,9/15/2018,FY2019,FY2019 Q1,2018 Sep,"2018 Sep, 15",201809
20180916,9/16/2018,FY2019,FY2019 Q1,2018 Sep,"2018 Sep, 16",201809
20180917,9/17/2018,FY2019,FY2019 Q1,2018 Sep,"2018 Sep, 17",201809
20180918,9/18/2018,FY2019,FY2019 Q1,2018 Sep,"2018 Sep, 18",201809
20180919,9/19/2018,FY2019,FY2019 Q1,2018 Sep,"2018 Sep, 19",201809
20180920,9/20/2018,FY2019,FY2019 Q1,2018 Sep,"2018 Sep, 20",201809
20180921,9/21/2018,FY2019,FY2019 Q1,2018 Sep,"2018 Sep, 21",201809
20180922,9/22/2018,FY2019,FY2019 Q1,2018 Sep,"2018 Sep, 22",201809
20180923,9/23/2018,FY2019,FY2019 Q1,2018 Sep,"2018 Sep, 23",201809
20180924,9/24/2018,FY2019,FY2019 Q1,2018 Sep,"2018 Sep, 24",201809
20180925,9/25/2018,FY2019,FY2019 Q1,2018 Sep,"2018 Sep, 25",201809
20180926,9/26/2018,FY2019,FY2019 Q1,2018 Sep,"2018 Sep, 26",201809
20180927,9/27/2018,FY2019,FY2019 Q1,2018 Sep,"2018 Sep, 27",201809
20180928,9/28/2018,FY2019,FY2019 Q1,2018 Sep,"2018 Sep, 28",201809
20180929,9/29/2018,FY2019,FY2019 Q1,2018 Sep,"2018 Sep, 29",201809
20180930,9/30/2018,FY2019,FY2019 Q1,2018 Sep,"2018 Sep, 30",201809
20181001,10/1/2018,FY2019,FY2019 Q2,2018 Oct,"2018 Oct, 01",201810
20181002,10/2/2018,FY2019,FY2019 Q2,2018 Oct,"2018 Oct, 02",201810
20181003,10/3/2018,FY2019,FY2019 Q2,2018 Oct,"2018 Oct, 03",201810
20181004,10/4/2018,FY2019,FY2019 Q2,2018 Oct,"2018 Oct, 04",201810
20181005,10/5/2018,FY2019,FY2019 Q2,2018 Oct,"2018 Oct, 05",201810
20181006,10/6/2018,FY2019,FY2019 Q2,2018 Oct,"2018 Oct, 06",201810
20181007,10/7/2018,FY2019,FY2019 Q2,2018 Oct,"2018 Oct, 07",201810
20181008,10/8/2018,FY2019,FY2019 Q2,2018 Oct,"2018 Oct, 08",201810
20181009,10/9/2018,FY2019,FY2019 Q2,2018 Oct,"2018 Oct, 09",201810
20181010,10/10/2018,FY2019,FY2019 Q2,2018 Oct,"2018 Oct, 10",201810
20181011,10/11/2018,FY2019,FY2019 Q2,2018 Oct,"2018 Oct, 11",201810
20181012,10/12/2018,FY2019,FY2019 Q2,2018 Oct,"2018 Oct, 12",201810
20181013,10/13/2018,FY2019,FY2019 Q2,2018 Oct,"2018 Oct, 13",201810
20181014,10/14/2018,FY2019,FY2019 Q2,2018 Oct,"2018 Oct, 14",201810
20181015,10/15/2018,FY2019,FY2019 Q2,2018 Oct,"2018 Oct, 15",201810
20181016,10/16/2018,FY2019,FY2019 Q2,2018 Oct,"2018 Oct, 16",201810
20181017,10/17/2018,FY2019,FY2019 Q2,2018 Oct,"2018 Oct, 17",201810
20181018,10/18/2018,FY2019,FY2019 Q2,2018 Oct,"2018 Oct, 18",201810
20181019,10/19/2018,FY2019,FY2019 Q2,2018 Oct,"2018 Oct, 19",201810
20181020,10/20/2018,FY2019,FY2019 Q2,2018 Oct,"2018 Oct, 20",201810
20181021,10/21/2018,FY2019,FY2019 Q2,2018 Oct,"2018 Oct, 21",201810
20181022,10/22/2018,FY2019,FY2019 Q2,2018 Oct,"2018 Oct, 22",201810
20181023,10/23/2018,FY2019,FY2019 Q2,2018 Oct,"2018 Oct, 23",201810
20181024,10/24/2018,FY2019,FY2019 Q2,2018 Oct,"2018 Oct, 24",201810
20181025,10/25/2018,FY2019,FY2019 Q2,2018 Oct,"2018 Oct, 25",201810
20181026,10/26/2018,FY2019,FY2019 Q2,2018 Oct,"2018 Oct, 26",201810
20181027,10/27/2018,FY2019,FY2019 Q2,2018 Oct,"2018 Oct, 27",201810
20181028,10/28/2018,FY2019,FY2019 Q2,2018 Oct,"2018 Oct, 28",201810
20181029,10/29/2018,FY2019,FY2019 Q2,2018 Oct,"2018 Oct, 29",201810
20181030,10/30/2018,FY2019,FY2019 Q2,2018 Oct,"2018 Oct, 30",201810
20181031,10/31/2018,FY2019,FY2019 Q2,2018 Oct,"2018 Oct, 31",201810
20181101,11/1/2018,FY2019,FY2019 Q2,2018 Nov,"2018 Nov, 01",201811
20181102,11/2/2018,FY2019,FY2019 Q2,2018 Nov,"2018 Nov, 02",201811
20181103,11/3/2018,FY2019,FY2019 Q2,2018 Nov,"2018 Nov, 03",201811
20181104,11/4/2018,FY2019,FY2019 Q2,2018 Nov,"2018 Nov, 04",201811
20181105,11/5/2018,FY2019,FY2019 Q2,2018 Nov,"2018 Nov, 05",201811
20181106,11/6/2018,FY2019,FY2019 Q2,2018 Nov,"2018 Nov, 06",201811
20181107,11/7/2018,FY2019,FY2019 Q2,2018 Nov,"2018 Nov, 07",201811
20181108,11/8/2018,FY2019,FY2019 Q2,2018 Nov,"2018 Nov, 08",201811
20181109,11/9/2018,FY2019,FY2019 Q2,2018 Nov,"2018 Nov, 09",201811
20181110,11/10/2018,FY2019,FY2019 Q2,2018 Nov,"2018 Nov, 10",201811
20181111,11/11/2018,FY2019,FY2019 Q2,2018 Nov,"2018 Nov, 11",201811
20181112,11/12/2018,FY2019,FY2019 Q2,2018 Nov,"2018 Nov, 12",201811
20181113,11/13/2018,FY2019,FY2019 Q2,2018 Nov,"2018 Nov, 13",201811
20181114,11/14/2018,FY2019,FY2019 Q2,2018 Nov,"2018 Nov, 14",201811
20181115,11/15/2018,FY2019,FY2019 Q2,2018 Nov,"2018 Nov, 15",201811
20181116,11/16/2018,FY2019,FY2019 Q2,2018 Nov,"2018 Nov, 16",201811
20181117,11/17/2018,FY2019,FY2019 Q2,2018 Nov,"2018 Nov, 17",201811
20181118,11/18/2018,FY2019,FY2019 Q2,2018 Nov,"2018 Nov, 18",201811
20181119,11/19/2018,FY2019,FY2019 Q2,2018 Nov,"2018 Nov, 19",201811
20181120,11/20/2018,FY2019,FY2019 Q2,2018 Nov,"2018 Nov, 20",201811
20181121,11/21/2018,FY2019,FY2019 Q2,2018 Nov,"2018 Nov, 21",201811
20181122,11/22/2018,FY2019,FY2019 Q2,2018 Nov,"2018 Nov, 22",201811
20181123,11/23/2018,FY2019,FY2019 Q2,2018 Nov,"2018 Nov, 23",201811
20181124,11/24/2018,FY2019,FY2019 Q2,2018 Nov,"2018 Nov, 24",201811
20181125,11/25/2018,FY2019,FY2019 Q2,2018 Nov,"2018 Nov, 25",201811
20181126,11/26/2018,FY2019,FY2019 Q2,2018 Nov,"2018 Nov, 26",201811
20181127,11/27/2018,FY2019,FY2019 Q2,2018 Nov,"2018 Nov, 27",201811
20181128,11/28/2018,FY2019,FY2019 Q2,2018 Nov,"2018 Nov, 28",201811
20181129,11/29/2018,FY2019,FY2019 Q2,2018 Nov,"2018 Nov, 29",201811
20181130,11/30/2018,FY2019,FY2019 Q2,2018 Nov,"2018 Nov, 30",201811
20181201,12/1/2018,FY2019,FY2019 Q2,2018 Dec,"2018 Dec, 01",201812
20181202,12/2/2018,FY2019,FY2019 Q2,2018 Dec,"2018 Dec, 02",201812
20181203,12/3/2018,FY2019,FY2019 Q2,2018 Dec,"2018 Dec, 03",201812
20181204,12/4/2018,FY2019,FY2019 Q2,2018 Dec,"2018 Dec, 04",201812
20181205,12/5/2018,FY2019,FY2019 Q2,2018 Dec,"2018 Dec, 05",201812
20181206,12/6/2018,FY2019,FY2019 Q2,2018 Dec,"2018 Dec, 06",201812
20181207,12/7/2018,FY2019,FY2019 Q2,2018 Dec,"2018 Dec, 07",201812
20181208,12/8/2018,FY2019,FY2019 Q2,2018 Dec,"2018 Dec, 08",201812
20181209,12/9/2018,FY2019,FY2019 Q2,2018 Dec,"2018 Dec, 09",201812
20181210,12/10/2018,FY2019,FY2019 Q2,2018 Dec,"2018 Dec, 10",201812
20181211,12/11/2018,FY2019,FY2019 Q2,2018 Dec,"2018 Dec, 11",201812
20181212,12/12/2018,FY2019,FY2019 Q2,2018 Dec,"2018 Dec, 12",201812
20181213,12/13/2018,FY2019,FY2019 Q2,2018 Dec,"2018 Dec, 13",201812
20181214,12/14/2018,FY2019,FY2019 Q2,2018 Dec,"2018 Dec, 14",201812
20181215,12/15/2018,FY2019,FY2019 Q2,2018 Dec,"2018 Dec, 15",201812
20181216,12/16/2018,FY2019,FY2019 Q2,2018 Dec,"2018 Dec, 16",201812
20181217,12/17/2018,FY2019,FY2019 Q2,2018 Dec,"2018 Dec, 17",201812
20181218,12/18/2018,FY2019,FY2019 Q2,2018 Dec,"2018 Dec, 18",201812
20181219,12/19/2018,FY2019,FY2019 Q2,2018 Dec,"2018 Dec, 19",201812
20181220,12/20/2018,FY2019,FY2019 Q2,2018 Dec,"2018 Dec, 20",201812
20181221,12/21/2018,FY2019,FY2019 Q2,2018 Dec,"2018 Dec, 21",201812
20181222,12/22/2018,FY2019,FY2019 Q2,2018 Dec,"2018 Dec, 22",201812
20181223,12/23/2018,FY2019,FY2019 Q2,2018 Dec,"2018 Dec, 23",201812
20181224,12/24/2018,FY2019,FY2019 Q2,2018 Dec,"2018 Dec, 24",201812
20181225,12/25/2018,FY2019,FY2019 Q2,2018 Dec,"2018 Dec, 25",201812
20181226,12/26/2018,FY2019,FY2019 Q2,2018 Dec,"2018 Dec, 26",201812
20181227,12/27/2018,FY2019,FY2019 Q2,2018 Dec,"2018 Dec, 27",201812
20181228,12/28/2018,FY2019,FY2019 Q2,2018 Dec,"2018 Dec, 28",201812
20181229,12/29/2018,FY2019,FY2019 Q2,2018 Dec,"2018 Dec, 29",201812
20181230,12/30/2018,FY2019,FY2019 Q2,2018 Dec,"2018 Dec, 30",201812
20181231,12/31/2018,FY2019,FY2019 Q2,2018 Dec,"2018 Dec, 31",201812
20190101,1/1/2019,FY2019,FY2019 Q3,2019 Jan,"2019 Jan, 01",201901
20190102,1/2/2019,FY2019,FY2019 Q3,2019 Jan,"2019 Jan, 02",201901
20190103,1/3/2019,FY2019,FY2019 Q3,2019 Jan,"2019 Jan, 03",201901
20190104,1/4/2019,FY2019,FY2019 Q3,2019 Jan,"2019 Jan, 04",201901
20190105,1/5/2019,FY2019,FY2019 Q3,2019 Jan,"2019 Jan, 05",201901
20190106,1/6/2019,FY2019,FY2019 Q3,2019 Jan,"2019 Jan, 06",201901
20190107,1/7/2019,FY2019,FY2019 Q3,2019 Jan,"2019 Jan, 07",201901
20190108,1/8/2019,FY2019,FY2019 Q3,2019 Jan,"2019 Jan, 08",201901
20190109,1/9/2019,FY2019,FY2019 Q3,2019 Jan,"2019 Jan, 09",201901
20190110,1/10/2019,FY2019,FY2019 Q3,2019 Jan,"2019 Jan, 10",201901
20190111,1/11/2019,FY2019,FY2019 Q3,2019 Jan,"2019 Jan, 11",201901
20190112,1/12/2019,FY2019,FY2019 Q3,2019 Jan,"2019 Jan, 12",201901
20190113,1/13/2019,FY2019,FY2019 Q3,2019 Jan,"2019 Jan, 13",201901
20190114,1/14/2019,FY2019,FY2019 Q3,2019 Jan,"2019 Jan, 14",201901
20190115,1/15/2019,FY2019,FY2019 Q3,2019 Jan,"2019 Jan, 15",201901
20190116,1/16/2019,FY2019,FY2019 Q3,2019 Jan,"2019 Jan, 16",201901
20190117,1/17/2019,FY2019,FY2019 Q3,2019 Jan,"2019 Jan, 17",201901
20190118,1/18/2019,FY2019,FY2019 Q3,2019 Jan,"2019 Jan, 18",201901
20190119,1/19/2019,FY2019,FY2019 Q3,2019 Jan,"2019 Jan, 19",201901
20190120,1/20/2019,FY2019,FY2019 Q3,2019 Jan,"2019 Jan, 20",201901
20190121,1/21/2019,FY2019,FY2019 Q3,2019 Jan,"2019 Jan, 21",201901
20190122,1/22/2019,FY2019,FY2019 Q3,2019 Jan,"2019 Jan, 22",201901
20190123,1/23/2019,FY2019,FY2019 Q3,2019 Jan,"2019 Jan, 23",201901
20190124,1/24/2019,FY2019,FY2019 Q3,2019 Jan,"2019 Jan, 24",201901
20190125,1/25/2019,FY2019,FY2019 Q3,2019 Jan,"2019 Jan, 25",201901
20190126,1/26/2019,FY2019,FY2019 Q3,2019 Jan,"2019 Jan, 26",201901
20190127,1/27/2019,FY2019,FY2019 Q3,2019 Jan,"2019 Jan, 27",201901
20190128,1/28/2019,FY2019,FY2019 Q3,2019 Jan,"2019 Jan, 28",201901
20190129,1/29/2019,FY2019,FY2019 Q3,2019 Jan,"2019 Jan, 29",201901
20190130,1/30/2019,FY2019,FY2019 Q3,2019 Jan,"2019 Jan, 30",201901
20190131,1/31/2019,FY2019,FY2019 Q3,2019 Jan,"2019 Jan, 31",201901
20190201,2/1/2019,FY2019,FY2019 Q3,2019 Feb,"2019 Feb, 01",201902
20190202,2/2/2019,FY2019,FY2019 Q3,2019 Feb,"2019 Feb, 02",201902
20190203,2/3/2019,FY2019,FY2019 Q3,2019 Feb,"2019 Feb, 03",201902
20190204,2/4/2019,FY2019,FY2019 Q3,2019 Feb,"2019 Feb, 04",201902
20190205,2/5/2019,FY2019,FY2019 Q3,2019 Feb,"2019 Feb, 05",201902
20190206,2/6/2019,FY2019,FY2019 Q3,2019 Feb,"2019 Feb, 06",201902
20190207,2/7/2019,FY2019,FY2019 Q3,2019 Feb,"2019 Feb, 07",201902
20190208,2/8/2019,FY2019,FY2019 Q3,2019 Feb,"2019 Feb, 08",201902
20190209,2/9/2019,FY2019,FY2019 Q3,2019 Feb,"2019 Feb, 09",201902
20190210,2/10/2019,FY2019,FY2019 Q3,2019 Feb,"2019 Feb, 10",201902
20190211,2/11/2019,FY2019,FY2019 Q3,2019 Feb,"2019 Feb, 11",201902
20190212,2/12/2019,FY2019,FY2019 Q3,2019 Feb,"2019 Feb, 12",201902
20190213,2/13/2019,FY2019,FY2019 Q3,2019 Feb,"2019 Feb, 13",201902
20190214,2/14/2019,FY2019,FY2019 Q3,2019 Feb,"2019 Feb, 14",201902
20190215,2/15/2019,FY2019,FY2019 Q3,2019 Feb,"2019 Feb, 15",201902
20190216,2/16/2019,FY2019,FY2019 Q3,2019 Feb,"2019 Feb, 16",201902
20190217,2/17/2019,FY2019,FY2019 Q3,2019 Feb,"2019 Feb, 17",201902
20190218,2/18/2019,FY2019,FY2019 Q3,2019 Feb,"2019 Feb, 18",201902
20190219,2/19/2019,FY2019,FY2019 Q3,2019 Feb,"2019 Feb, 19",201902
20190220,2/20/2019,FY2019,FY2019 Q3,2019 Feb,"2019 Feb, 20",201902
20190221,2/21/2019,FY2019,FY2019 Q3,2019 Feb,"2019 Feb, 21",201902
20190222,2/22/2019,FY2019,FY2019 Q3,2019 Feb,"2019 Feb, 22",201902
20190223,2/23/2019,FY2019,FY2019 Q3,2019 Feb,"2019 Feb, 23",201902
20190224,2/24/2019,FY2019,FY2019 Q3,2019 Feb,"2019 Feb, 24",201902
20190225,2/25/2019,FY2019,FY2019 Q3,2019 Feb,"2019 Feb, 25",201902
20190226,2/26/2019,FY2019,FY2019 Q3,2019 Feb,"2019 Feb, 26",201902
20190227,2/27/2019,FY2019,FY2019 Q3,2019 Feb,"2019 Feb, 27",201902
20190228,2/28/2019,FY2019,FY2019 Q3,2019 Feb,"2019 Feb, 28",201902
20190301,3/1/2019,FY2019,FY2019 Q3,2019 Mar,"2019 Mar, 01",201903
20190302,3/2/2019,FY2019,FY2019 Q3,2019 Mar,"2019 Mar, 02",201903
20190303,3/3/2019,FY2019,FY2019 Q3,2019 Mar,"2019 Mar, 03",201903
20190304,3/4/2019,FY2019,FY2019 Q3,2019 Mar,"2019 Mar, 04",201903
20190305,3/5/2019,FY2019,FY2019 Q3,2019 Mar,"2019 Mar, 05",201903
20190306,3/6/2019,FY2019,FY2019 Q3,2019 Mar,"2019 Mar, 06",201903
20190307,3/7/2019,FY2019,FY2019 Q3,2019 Mar,"2019 Mar, 07",201903
20190308,3/8/2019,FY2019,FY2019 Q3,2019 Mar,"2019 Mar, 08",201903
20190309,3/9/2019,FY2019,FY2019 Q3,2019 Mar,"2019 Mar, 09",201903
20190310,3/10/2019,FY2019,FY2019 Q3,2019 Mar,"2019 Mar, 10",201903
20190311,3/11/2019,FY2019,FY2019 Q3,2019 Mar,"2019 Mar, 11",201903
20190312,3/12/2019,FY2019,FY2019 Q3,2019 Mar,"2019 Mar, 12",201903
20190313,3/13/2019,FY2019,FY2019 Q3,2019 Mar,"2019 Mar, 13",201903
20190314,3/14/2019,FY2019,FY2019 Q3,2019 Mar,"2019 Mar, 14",201903
20190315,3/15/2019,FY2019,FY2019 Q3,2019 Mar,"2019 Mar, 15",201903
20190316,3/16/2019,FY2019,FY2019 Q3,2019 Mar,"2019 Mar, 16",201903
20190317,3/17/2019,FY2019,FY2019 Q3,2019 Mar,"2019 Mar, 17",201903
20190318,3/18/2019,FY2019,FY2019 Q3,2019 Mar,"2019 Mar, 18",201903
20190319,3/19/2019,FY2019,FY2019 Q3,2019 Mar,"2019 Mar, 19",201903
20190320,3/20/2019,FY2019,FY2019 Q3,2019 Mar,"2019 Mar, 20",201903
20190321,3/21/2019,FY2019,FY2019 Q3,2019 Mar,"2019 Mar, 21",201903
20190322,3/22/2019,FY2019,FY2019 Q3,2019 Mar,"2019 Mar, 22",201903
20190323,3/23/2019,FY2019,FY2019 Q3,2019 Mar,"2019 Mar, 23",201903
20190324,3/24/2019,FY2019,FY2019 Q3,2019 Mar,"2019 Mar, 24",201903
20190325,3/25/2019,FY2019,FY2019 Q3,2019 Mar,"2019 Mar, 25",201903
20190326,3/26/2019,FY2019,FY2019 Q3,2019 Mar,"2019 Mar, 26",201903
20190327,3/27/2019,FY2019,FY2019 Q3,2019 Mar,"2019 Mar, 27",201903
20190328,3/28/2019,FY2019,FY2019 Q3,2019 Mar,"2019 Mar, 28",201903
20190329,3/29/2019,FY2019,FY2019 Q3,2019 Mar,"2019 Mar, 29",201903
20190330,3/30/2019,FY2019,FY2019 Q3,2019 Mar,"2019 Mar, 30",201903
20190331,3/31/2019,FY2019,FY2019 Q3,2019 Mar,"2019 Mar, 31",201903
20190401,4/1/2019,FY2019,FY2019 Q4,2019 Apr,"2019 Apr, 01",201904
20190402,4/2/2019,FY2019,FY2019 Q4,2019 Apr,"2019 Apr, 02",201904
20190403,4/3/2019,FY2019,FY2019 Q4,2019 Apr,"2019 Apr, 03",201904
20190404,4/4/2019,FY2019,FY2019 Q4,2019 Apr,"2019 Apr, 04",201904
20190405,4/5/2019,FY2019,FY2019 Q4,2019 Apr,"2019 Apr, 05",201904
20190406,4/6/2019,FY2019,FY2019 Q4,2019 Apr,"2019 Apr, 06",201904
20190407,4/7/2019,FY2019,FY2019 Q4,2019 Apr,"2019 Apr, 07",201904
20190408,4/8/2019,FY2019,FY2019 Q4,2019 Apr,"2019 Apr, 08",201904
20190409,4/9/2019,FY2019,FY2019 Q4,2019 Apr,"2019 Apr, 09",201904
20190410,4/10/2019,FY2019,FY2019 Q4,2019 Apr,"2019 Apr, 10",201904
20190411,4/11/2019,FY2019,FY2019 Q4,2019 Apr,"2019 Apr, 11",201904
20190412,4/12/2019,FY2019,FY2019 Q4,2019 Apr,"2019 Apr, 12",201904
20190413,4/13/2019,FY2019,FY2019 Q4,2019 Apr,"2019 Apr, 13",201904
20190414,4/14/2019,FY2019,FY2019 Q4,2019 Apr,"2019 Apr, 14",201904
20190415,4/15/2019,FY2019,FY2019 Q4,2019 Apr,"2019 Apr, 15",201904
20190416,4/16/2019,FY2019,FY2019 Q4,2019 Apr,"2019 Apr, 16",201904
20190417,4/17/2019,FY2019,FY2019 Q4,2019 Apr,"2019 Apr, 17",201904
20190418,4/18/2019,FY2019,FY2019 Q4,2019 Apr,"2019 Apr, 18",201904
20190419,4/19/2019,FY2019,FY2019 Q4,2019 Apr,"2019 Apr, 19",201904
20190420,4/20/2019,FY2019,FY2019 Q4,2019 Apr,"2019 Apr, 20",201904
20190421,4/21/2019,FY2019,FY2019 Q4,2019 Apr,"2019 Apr, 21",201904
20190422,4/22/2019,FY2019,FY2019 Q4,2019 Apr,"2019 Apr, 22",201904
20190423,4/23/2019,FY2019,FY2019 Q4,2019 Apr,"2019 Apr, 23",201904
20190424,4/24/2019,FY2019,FY2019 Q4,2019 Apr,"2019 Apr, 24",201904
20190425,4/25/2019,FY2019,FY2019 Q4,2019 Apr,"2019 Apr, 25",201904
20190426,4/26/2019,FY2019,FY2019 Q4,2019 Apr,"2019 Apr, 26",201904
20190427,4/27/2019,FY2019,FY2019 Q4,2019 Apr,"2019 Apr, 27",201904
20190428,4/28/2019,FY2019,FY2019 Q4,2019 Apr,"2019 Apr, 28",201904
20190429,4/29/2019,FY2019,FY2019 Q4,2019 Apr,"2019 Apr, 29",201904
20190430,4/30/2019,FY2019,FY2019 Q4,2019 Apr,"2019 Apr, 30",201904
20190501,5/1/2019,FY2019,FY2019 Q4,2019 May,"2019 May, 01",201905
20190502,5/2/2019,FY2019,FY2019 Q4,2019 May,"2019 May, 02",201905
20190503,5/3/2019,FY2019,FY2019 Q4,2019 May,"2019 May, 03",201905
20190504,5/4/2019,FY2019,FY2019 Q4,2019 May,"2019 May, 04",201905
20190505,5/5/2019,FY2019,FY2019 Q4,2019 May,"2019 May, 05",201905
20190506,5/6/2019,FY2019,FY2019 Q4,2019 May,"2019 May, 06",201905
20190507,5/7/2019,FY2019,FY2019 Q4,2019 May,"2019 May, 07",201905
20190508,5/8/2019,FY2019,FY2019 Q4,2019 May,"2019 May, 08",201905
20190509,5/9/2019,FY2019,FY2019 Q4,2019 May,"2019 May, 09",201905
20190510,5/10/2019,FY2019,FY2019 Q4,2019 May,"2019 May, 10",201905
20190511,5/11/2019,FY2019,FY2019 Q4,2019 May,"2019 May, 11",201905
20190512,5/12/2019,FY2019,FY2019 Q4,2019 May,"2019 May, 12",201905
20190513,5/13/2019,FY2019,FY2019 Q4,2019 May,"2019 May, 13",201905
20190514,5/14/2019,FY2019,FY2019 Q4,2019 May,"2019 May, 14",201905
20190515,5/15/2019,FY2019,FY2019 Q4,2019 May,"2019 May, 15",201905
20190516,5/16/2019,FY2019,FY2019 Q4,2019 May,"2019 May, 16",201905
20190517,5/17/2019,FY2019,FY2019 Q4,2019 May,"2019 May, 17",201905
20190518,5/18/2019,FY2019,FY2019 Q4,2019 May,"2019 May, 18",201905
20190519,5/19/2019,FY2019,FY2019 Q4,2019 May,"2019 May, 19",201905
20190520,5/20/2019,FY2019,FY2019 Q4,2019 May,"2019 May, 20",201905
20190521,5/21/2019,FY2019,FY2019 Q4,2019 May,"2019 May, 21",201905
20190522,5/22/2019,FY2019,FY2019 Q4,2019 May,"2019 May, 22",201905
20190523,5/23/2019,FY2019,FY2019 Q4,2019 May,"2019 May, 23",201905
20190524,5/24/2019,FY2019,FY2019 Q4,2019 May,"2019 May, 24",201905
20190525,5/25/2019,FY2019,FY2019 Q4,2019 May,"2019 May, 25",201905
20190526,5/26/2019,FY2019,FY2019 Q4,2019 May,"2019 May, 26",201905
20190527,5/27/2019,FY2019,FY2019 Q4,2019 May,"2019 May, 27",201905
20190528,5/28/2019,FY2019,FY2019 Q4,2019 May,"2019 May, 28",201905
20190529,5/29/2019,FY2019,FY2019 Q4,2019 May,"2019 May, 29",201905
20190530,5/30/2019,FY2019,FY2019 Q4,2019 May,"2019 May, 30",201905
20190531,5/31/2019,FY2019,FY2019 Q4,2019 May,"2019 May, 31",201905
20190601,6/1/2019,FY2019,FY2019 Q4,2019 Jun,"2019 Jun, 01",201906
20190602,6/2/2019,FY2019,FY2019 Q4,2019 Jun,"2019 Jun, 02",201906
20190603,6/3/2019,FY2019,FY2019 Q4,2019 Jun,"2019 Jun, 03",201906
20190604,6/4/2019,FY2019,FY2019 Q4,2019 Jun,"2019 Jun, 04",201906
20190605,6/5/2019,FY2019,FY2019 Q4,2019 Jun,"2019 Jun, 05",201906
20190606,6/6/2019,FY2019,FY2019 Q4,2019 Jun,"2019 Jun, 06",201906
20190607,6/7/2019,FY2019,FY2019 Q4,2019 Jun,"2019 Jun, 07",201906
20190608,6/8/2019,FY2019,FY2019 Q4,2019 Jun,"2019 Jun, 08",201906
20190609,6/9/2019,FY2019,FY2019 Q4,2019 Jun,"2019 Jun, 09",201906
20190610,6/10/2019,FY2019,FY2019 Q4,2019 Jun,"2019 Jun, 10",201906
20190611,6/11/2019,FY2019,FY2019 Q4,2019 Jun,"2019 Jun, 11",201906
20190612,6/12/2019,FY2019,FY2019 Q4,2019 Jun,"2019 Jun, 12",201906
20190613,6/13/2019,FY2019,FY2019 Q4,2019 Jun,"2019 Jun, 13",201906
20190614,6/14/2019,FY2019,FY2019 Q4,2019 Jun,"2019 Jun, 14",201906
20190615,6/15/2019,FY2019,FY2019 Q4,2019 Jun,"2019 Jun, 15",201906
20190616,6/16/2019,FY2019,FY2019 Q4,2019 Jun,"2019 Jun, 16",201906
20190617,6/17/2019,FY2019,FY2019 Q4,2019 Jun,"2019 Jun, 17",201906
20190618,6/18/2019,FY2019,FY2019 Q4,2019 Jun,"2019 Jun, 18",201906
20190619,6/19/2019,FY2019,FY2019 Q4,2019 Jun,"2019 Jun, 19",201906
20190620,6/20/2019,FY2019,FY2019 Q4,2019 Jun,"2019 Jun, 20",201906
20190621,6/21/2019,FY2019,FY2019 Q4,2019 Jun,"2019 Jun, 21",201906
20190622,6/22/2019,FY2019,FY2019 Q4,2019 Jun,"2019 Jun, 22",201906
20190623,6/23/2019,FY2019,FY2019 Q4,2019 Jun,"2019 Jun, 23",201906
20190624,6/24/2019,FY2019,FY2019 Q4,2019 Jun,"2019 Jun, 24",201906
20190625,6/25/2019,FY2019,FY2019 Q4,2019 Jun,"2019 Jun, 25",201906
20190626,6/26/2019,FY2019,FY2019 Q4,2019 Jun,"2019 Jun, 26",201906
20190627,6/27/2019,FY2019,FY2019 Q4,2019 Jun,"2019 Jun, 27",201906
20190628,6/28/2019,FY2019,FY2019 Q4,2019 Jun,"2019 Jun, 28",201906
20190629,6/29/2019,FY2019,FY2019 Q4,2019 Jun,"2019 Jun, 29",201906
20190630,6/30/2019,FY2019,FY2019 Q4,2019 Jun,"2019 Jun, 30",201906
20190701,7/1/2019,FY2020,FY2020 Q1,2019 Jul,"2019 Jul, 01",201907
20190702,7/2/2019,FY2020,FY2020 Q1,2019 Jul,"2019 Jul, 02",201907
20190703,7/3/2019,FY2020,FY2020 Q1,2019 Jul,"2019 Jul, 03",201907
20190704,7/4/2019,FY2020,FY2020 Q1,2019 Jul,"2019 Jul, 04",201907
20190705,7/5/2019,FY2020,FY2020 Q1,2019 Jul,"2019 Jul, 05",201907
20190706,7/6/2019,FY2020,FY2020 Q1,2019 Jul,"2019 Jul, 06",201907
20190707,7/7/2019,FY2020,FY2020 Q1,2019 Jul,"2019 Jul, 07",201907
20190708,7/8/2019,FY2020,FY2020 Q1,2019 Jul,"2019 Jul, 08",201907
20190709,7/9/2019,FY2020,FY2020 Q1,2019 Jul,"2019 Jul, 09",201907
20190710,7/10/2019,FY2020,FY2020 Q1,2019 Jul,"2019 Jul, 10",201907
20190711,7/11/2019,FY2020,FY2020 Q1,2019 Jul,"2019 Jul, 11",201907
20190712,7/12/2019,FY2020,FY2020 Q1,2019 Jul,"2019 Jul, 12",201907
20190713,7/13/2019,FY2020,FY2020 Q1,2019 Jul,"2019 Jul, 13",201907
20190714,7/14/2019,FY2020,FY2020 Q1,2019 Jul,"2019 Jul, 14",201907
20190715,7/15/2019,FY2020,FY2020 Q1,2019 Jul,"2019 Jul, 15",201907
20190716,7/16/2019,FY2020,FY2020 Q1,2019 Jul,"2019 Jul, 16",201907
20190717,7/17/2019,FY2020,FY2020 Q1,2019 Jul,"2019 Jul, 17",201907
20190718,7/18/2019,FY2020,FY2020 Q1,2019 Jul,"2019 Jul, 18",201907
20190719,7/19/2019,FY2020,FY2020 Q1,2019 Jul,"2019 Jul, 19",201907
20190720,7/20/2019,FY2020,FY2020 Q1,2019 Jul,"2019 Jul, 20",201907
20190721,7/21/2019,FY2020,FY2020 Q1,2019 Jul,"2019 Jul, 21",201907
20190722,7/22/2019,FY2020,FY2020 Q1,2019 Jul,"2019 Jul, 22",201907
20190723,7/23/2019,FY2020,FY2020 Q1,2019 Jul,"2019 Jul, 23",201907
20190724,7/24/2019,FY2020,FY2020 Q1,2019 Jul,"2019 Jul, 24",201907
20190725,7/25/2019,FY2020,FY2020 Q1,2019 Jul,"2019 Jul, 25",201907
20190726,7/26/2019,FY2020,FY2020 Q1,2019 Jul,"2019 Jul, 26",201907
20190727,7/27/2019,FY2020,FY2020 Q1,2019 Jul,"2019 Jul, 27",201907
20190728,7/28/2019,FY2020,FY2020 Q1,2019 Jul,"2019 Jul, 28",201907
20190729,7/29/2019,FY2020,FY2020 Q1,2019 Jul,"2019 Jul, 29",201907
20190730,7/30/2019,FY2020,FY2020 Q1,2019 Jul,"2019 Jul, 30",201907
20190731,7/31/2019,FY2020,FY2020 Q1,2019 Jul,"2019 Jul, 31",201907
20190801,8/1/2019,FY2020,FY2020 Q1,2019 Aug,"2019 Aug, 01",201908
20190802,8/2/2019,FY2020,FY2020 Q1,2019 Aug,"2019 Aug, 02",201908
20190803,8/3/2019,FY2020,FY2020 Q1,2019 Aug,"2019 Aug, 03",201908
20190804,8/4/2019,FY2020,FY2020 Q1,2019 Aug,"2019 Aug, 04",201908
20190805,8/5/2019,FY2020,FY2020 Q1,2019 Aug,"2019 Aug, 05",201908
20190806,8/6/2019,FY2020,FY2020 Q1,2019 Aug,"2019 Aug, 06",201908
20190807,8/7/2019,FY2020,FY2020 Q1,2019 Aug,"2019 Aug, 07",201908
20190808,8/8/2019,FY2020,FY2020 Q1,2019 Aug,"2019 Aug, 08",201908
20190809,8/9/2019,FY2020,FY2020 Q1,2019 Aug,"2019 Aug, 09",201908
20190810,8/10/2019,FY2020,FY2020 Q1,2019 Aug,"2019 Aug, 10",201908
20190811,8/11/2019,FY2020,FY2020 Q1,2019 Aug,"2019 Aug, 11",201908
20190812,8/12/2019,FY2020,FY2020 Q1,2019 Aug,"2019 Aug, 12",201908
20190813,8/13/2019,FY2020,FY2020 Q1,2019 Aug,"2019 Aug, 13",201908
20190814,8/14/2019,FY2020,FY2020 Q1,2019 Aug,"2019 Aug, 14",201908
20190815,8/15/2019,FY2020,FY2020 Q1,2019 Aug,"2019 Aug, 15",201908
20190816,8/16/2019,FY2020,FY2020 Q1,2019 Aug,"2019 Aug, 16",201908
20190817,8/17/2019,FY2020,FY2020 Q1,2019 Aug,"2019 Aug, 17",201908
20190818,8/18/2019,FY2020,FY2020 Q1,2019 Aug,"2019 Aug, 18",201908
20190819,8/19/2019,FY2020,FY2020 Q1,2019 Aug,"2019 Aug, 19",201908
20190820,8/20/2019,FY2020,FY2020 Q1,2019 Aug,"2019 Aug, 20",201908
20190821,8/21/2019,FY2020,FY2020 Q1,2019 Aug,"2019 Aug, 21",201908
20190822,8/22/2019,FY2020,FY2020 Q1,2019 Aug,"2019 Aug, 22",201908
20190823,8/23/2019,FY2020,FY2020 Q1,2019 Aug,"2019 Aug, 23",201908
20190824,8/24/2019,FY2020,FY2020 Q1,2019 Aug,"2019 Aug, 24",201908
20190825,8/25/2019,FY2020,FY2020 Q1,2019 Aug,"2019 Aug, 25",201908
20190826,8/26/2019,FY2020,FY2020 Q1,2019 Aug,"2019 Aug, 26",201908
20190827,8/27/2019,FY2020,FY2020 Q1,2019 Aug,"2019 Aug, 27",201908
20190828,8/28/2019,FY2020,FY2020 Q1,2019 Aug,"2019 Aug, 28",201908
20190829,8/29/2019,FY2020,FY2020 Q1,2019 Aug,"2019 Aug, 29",201908
20190830,8/30/2019,FY2020,FY2020 Q1,2019 Aug,"2019 Aug, 30",201908
20190831,8/31/2019,FY2020,FY2020 Q1,2019 Aug,"2019 Aug, 31",201908
20190901,9/1/2019,FY2020,FY2020 Q1,2019 Sep,"2019 Sep, 01",201909
20190902,9/2/2019,FY2020,FY2020 Q1,2019 Sep,"2019 Sep, 02",201909
20190903,9/3/2019,FY2020,FY2020 Q1,2019 Sep,"2019 Sep, 03",201909
20190904,9/4/2019,FY2020,FY2020 Q1,2019 Sep,"2019 Sep, 04",201909
20190905,9/5/2019,FY2020,FY2020 Q1,2019 Sep,"2019 Sep, 05",201909
20190906,9/6/2019,FY2020,FY2020 Q1,2019 Sep,"2019 Sep, 06",201909
20190907,9/7/2019,FY2020,FY2020 Q1,2019 Sep,"2019 Sep, 07",201909
20190908,9/8/2019,FY2020,FY2020 Q1,2019 Sep,"2019 Sep, 08",201909
20190909,9/9/2019,FY2020,FY2020 Q1,2019 Sep,"2019 Sep, 09",201909
20190910,9/10/2019,FY2020,FY2020 Q1,2019 Sep,"2019 Sep, 10",201909
20190911,9/11/2019,FY2020,FY2020 Q1,2019 Sep,"2019 Sep, 11",201909
20190912,9/12/2019,FY2020,FY2020 Q1,2019 Sep,"2019 Sep, 12",201909
20190913,9/13/2019,FY2020,FY2020 Q1,2019 Sep,"2019 Sep, 13",201909
20190914,9/14/2019,FY2020,FY2020 Q1,2019 Sep,"2019 Sep, 14",201909
20190915,9/15/2019,FY2020,FY2020 Q1,2019 Sep,"2019 Sep, 15",201909
20190916,9/16/2019,FY2020,FY2020 Q1,2019 Sep,"2019 Sep, 16",201909
20190917,9/17/2019,FY2020,FY2020 Q1,2019 Sep,"2019 Sep, 17",201909
20190918,9/18/2019,FY2020,FY2020 Q1,2019 Sep,"2019 Sep, 18",201909
20190919,9/19/2019,FY2020,FY2020 Q1,2019 Sep,"2019 Sep, 19",201909
20190920,9/20/2019,FY2020,FY2020 Q1,2019 Sep,"2019 Sep, 20",201909
20190921,9/21/2019,FY2020,FY2020 Q1,2019 Sep,"2019 Sep, 21",201909
20190922,9/22/2019,FY2020,FY2020 Q1,2019 Sep,"2019 Sep, 22",201909
20190923,9/23/2019,FY2020,FY2020 Q1,2019 Sep,"2019 Sep, 23",201909
20190924,9/24/2019,FY2020,FY2020 Q1,2019 Sep,"2019 Sep, 24",201909
20190925,9/25/2019,FY2020,FY2020 Q1,2019 Sep,"2019 Sep, 25",201909
20190926,9/26/2019,FY2020,FY2020 Q1,2019 Sep,"2019 Sep, 26",201909
20190927,9/27/2019,FY2020,FY2020 Q1,2019 Sep,"2019 Sep, 27",201909
20190928,9/28/2019,FY2020,FY2020 Q1,2019 Sep,"2019 Sep, 28",201909
20190929,9/29/2019,FY2020,FY2020 Q1,2019 Sep,"2019 Sep, 29",201909
20190930,9/30/2019,FY2020,FY2020 Q1,2019 Sep,"2019 Sep, 30",201909
20191001,10/1/2019,FY2020,FY2020 Q2,2019 Oct,"2019 Oct, 01",201910
20191002,10/2/2019,FY2020,FY2020 Q2,2019 Oct,"2019 Oct, 02",201910
20191003,10/3/2019,FY2020,FY2020 Q2,2019 Oct,"2019 Oct, 03",201910
20191004,10/4/2019,FY2020,FY2020 Q2,2019 Oct,"2019 Oct, 04",201910
20191005,10/5/2019,FY2020,FY2020 Q2,2019 Oct,"2019 Oct, 05",201910
20191006,10/6/2019,FY2020,FY2020 Q2,2019 Oct,"2019 Oct, 06",201910
20191007,10/7/2019,FY2020,FY2020 Q2,2019 Oct,"2019 Oct, 07",201910
20191008,10/8/2019,FY2020,FY2020 Q2,2019 Oct,"2019 Oct, 08",201910
20191009,10/9/2019,FY2020,FY2020 Q2,2019 Oct,"2019 Oct, 09",201910
20191010,10/10/2019,FY2020,FY2020 Q2,2019 Oct,"2019 Oct, 10",201910
20191011,10/11/2019,FY2020,FY2020 Q2,2019 Oct,"2019 Oct, 11",201910
20191012,10/12/2019,FY2020,FY2020 Q2,2019 Oct,"2019 Oct, 12",201910
20191013,10/13/2019,FY2020,FY2020 Q2,2019 Oct,"2019 Oct, 13",201910
20191014,10/14/2019,FY2020,FY2020 Q2,2019 Oct,"2019 Oct, 14",201910
20191015,10/15/2019,FY2020,FY2020 Q2,2019 Oct,"2019 Oct, 15",201910
20191016,10/16/2019,FY2020,FY2020 Q2,2019 Oct,"2019 Oct, 16",201910
20191017,10/17/2019,FY2020,FY2020 Q2,2019 Oct,"2019 Oct, 17",201910
20191018,10/18/2019,FY2020,FY2020 Q2,2019 Oct,"2019 Oct, 18",201910
20191019,10/19/2019,FY2020,FY2020 Q2,2019 Oct,"2019 Oct, 19",201910
20191020,10/20/2019,FY2020,FY2020 Q2,2019 Oct,"2019 Oct, 20",201910
20191021,10/21/2019,FY2020,FY2020 Q2,2019 Oct,"2019 Oct, 21",201910
20191022,10/22/2019,FY2020,FY2020 Q2,2019 Oct,"2019 Oct, 22",201910
20191023,10/23/2019,FY2020,FY2020 Q2,2019 Oct,"2019 Oct, 23",201910
20191024,10/24/2019,FY2020,FY2020 Q2,2019 Oct,"2019 Oct, 24",201910
20191025,10/25/2019,FY2020,FY2020 Q2,2019 Oct,"2019 Oct, 25",201910
20191026,10/26/2019,FY2020,FY2020 Q2,2019 Oct,"2019 Oct, 26",201910
20191027,10/27/2019,FY2020,FY2020 Q2,2019 Oct,"2019 Oct, 27",201910
20191028,10/28/2019,FY2020,FY2020 Q2,2019 Oct,"2019 Oct, 28",201910
20191029,10/29/2019,FY2020,FY2020 Q2,2019 Oct,"2019 Oct, 29",201910
20191030,10/30/2019,FY2020,FY2020 Q2,2019 Oct,"2019 Oct, 30",201910
20191031,10/31/2019,FY2020,FY2020 Q2,2019 Oct,"2019 Oct, 31",201910
20191101,11/1/2019,FY2020,FY2020 Q2,2019 Nov,"2019 Nov, 01",201911
20191102,11/2/2019,FY2020,FY2020 Q2,2019 Nov,"2019 Nov, 02",201911
20191103,11/3/2019,FY2020,FY2020 Q2,2019 Nov,"2019 Nov, 03",201911
20191104,11/4/2019,FY2020,FY2020 Q2,2019 Nov,"2019 Nov, 04",201911
20191105,11/5/2019,FY2020,FY2020 Q2,2019 Nov,"2019 Nov, 05",201911
20191106,11/6/2019,FY2020,FY2020 Q2,2019 Nov,"2019 Nov, 06",201911
20191107,11/7/2019,FY2020,FY2020 Q2,2019 Nov,"2019 Nov, 07",201911
20191108,11/8/2019,FY2020,FY2020 Q2,2019 Nov,"2019 Nov, 08",201911
20191109,11/9/2019,FY2020,FY2020 Q2,2019 Nov,"2019 Nov, 09",201911
20191110,11/10/2019,FY2020,FY2020 Q2,2019 Nov,"2019 Nov, 10",201911
20191111,11/11/2019,FY2020,FY2020 Q2,2019 Nov,"2019 Nov, 11",201911
20191112,11/12/2019,FY2020,FY2020 Q2,2019 Nov,"2019 Nov, 12",201911
20191113,11/13/2019,FY2020,FY2020 Q2,2019 Nov,"2019 Nov, 13",201911
20191114,11/14/2019,FY2020,FY2020 Q2,2019 Nov,"2019 Nov, 14",201911
20191115,11/15/2019,FY2020,FY2020 Q2,2019 Nov,"2019 Nov, 15",201911
20191116,11/16/2019,FY2020,FY2020 Q2,2019 Nov,"2019 Nov, 16",201911
20191117,11/17/2019,FY2020,FY2020 Q2,2019 Nov,"2019 Nov, 17",201911
20191118,11/18/2019,FY2020,FY2020 Q2,2019 Nov,"2019 Nov, 18",201911
20191119,11/19/2019,FY2020,FY2020 Q2,2019 Nov,"2019 Nov, 19",201911
20191120,11/20/2019,FY2020,FY2020 Q2,2019 Nov,"2019 Nov, 20",201911
20191121,11/21/2019,FY2020,FY2020 Q2,2019 Nov,"2019 Nov, 21",201911
20191122,11/22/2019,FY2020,FY2020 Q2,2019 Nov,"2019 Nov, 22",201911
20191123,11/23/2019,FY2020,FY2020 Q2,2019 Nov,"2019 Nov, 23",201911
20191124,11/24/2019,FY2020,FY2020 Q2,2019 Nov,"2019 Nov, 24",201911
20191125,11/25/2019,FY2020,FY2020 Q2,2019 Nov,"2019 Nov, 25",201911
20191126,11/26/2019,FY2020,FY2020 Q2,2019 Nov,"2019 Nov, 26",201911
20191127,11/27/2019,FY2020,FY2020 Q2,2019 Nov,"2019 Nov, 27",201911
20191128,11/28/2019,FY2020,FY2020 Q2,2019 Nov,"2019 Nov, 28",201911
20191129,11/29/2019,FY2020,FY2020 Q2,2019 Nov,"2019 Nov, 29",201911
20191130,11/30/2019,FY2020,FY2020 Q2,2019 Nov,"2019 Nov, 30",201911
20191201,12/1/2019,FY2020,FY2020 Q2,2019 Dec,"2019 Dec, 01",201912
20191202,12/2/2019,FY2020,FY2020 Q2,2019 Dec,"2019 Dec, 02",201912
20191203,12/3/2019,FY2020,FY2020 Q2,2019 Dec,"2019 Dec, 03",201912
20191204,12/4/2019,FY2020,FY2020 Q2,2019 Dec,"2019 Dec, 04",201912
20191205,12/5/2019,FY2020,FY2020 Q2,2019 Dec,"2019 Dec, 05",201912
20191206,12/6/2019,FY2020,FY2020 Q2,2019 Dec,"2019 Dec, 06",201912
20191207,12/7/2019,FY2020,FY2020 Q2,2019 Dec,"2019 Dec, 07",201912
20191208,12/8/2019,FY2020,FY2020 Q2,2019 Dec,"2019 Dec, 08",201912
20191209,12/9/2019,FY2020,FY2020 Q2,2019 Dec,"2019 Dec, 09",201912
20191210,12/10/2019,FY2020,FY2020 Q2,2019 Dec,"2019 Dec, 10",201912
20191211,12/11/2019,FY2020,FY2020 Q2,2019 Dec,"2019 Dec, 11",201912
20191212,12/12/2019,FY2020,FY2020 Q2,2019 Dec,"2019 Dec, 12",201912
20191213,12/13/2019,FY2020,FY2020 Q2,2019 Dec,"2019 Dec, 13",201912
20191214,12/14/2019,FY2020,FY2020 Q2,2019 Dec,"2019 Dec, 14",201912
20191215,12/15/2019,FY2020,FY2020 Q2,2019 Dec,"2019 Dec, 15",201912
20191216,12/16/2019,FY2020,FY2020 Q2,2019 Dec,"2019 Dec, 16",201912
20191217,12/17/2019,FY2020,FY2020 Q2,2019 Dec,"2019 Dec, 17",201912
20191218,12/18/2019,FY2020,FY2020 Q2,2019 Dec,"2019 Dec, 18",201912
20191219,12/19/2019,FY2020,FY2020 Q2,2019 Dec,"2019 Dec, 19",201912
20191220,12/20/2019,FY2020,FY2020 Q2,2019 Dec,"2019 Dec, 20",201912
20191221,12/21/2019,FY2020,FY2020 Q2,2019 Dec,"2019 Dec, 21",201912
20191222,12/22/2019,FY2020,FY2020 Q2,2019 Dec,"2019 Dec, 22",201912
20191223,12/23/2019,FY2020,FY2020 Q2,2019 Dec,"2019 Dec, 23",201912
20191224,12/24/2019,FY2020,FY2020 Q2,2019 Dec,"2019 Dec, 24",201912
20191225,12/25/2019,FY2020,FY2020 Q2,2019 Dec,"2019 Dec, 25",201912
20191226,12/26/2019,FY2020,FY2020 Q2,2019 Dec,"2019 Dec, 26",201912
20191227,12/27/2019,FY2020,FY2020 Q2,2019 Dec,"2019 Dec, 27",201912
20191228,12/28/2019,FY2020,FY2020 Q2,2019 Dec,"2019 Dec, 28",201912
20191229,12/29/2019,FY2020,FY2020 Q2,2019 Dec,"2019 Dec, 29",201912
20191230,12/30/2019,FY2020,FY2020 Q2,2019 Dec,"2019 Dec, 30",201912
20191231,12/31/2019,FY2020,FY2020 Q2,2019 Dec,"2019 Dec, 31",201912
20200101,1/1/2020,FY2020,FY2020 Q3,2020 Jan,"2020 Jan, 01",202001
20200102,1/2/2020,FY2020,FY2020 Q3,2020 Jan,"2020 Jan, 02",202001
20200103,1/3/2020,FY2020,FY2020 Q3,2020 Jan,"2020 Jan, 03",202001
20200104,1/4/2020,FY2020,FY2020 Q3,2020 Jan,"2020 Jan, 04",202001
20200105,1/5/2020,FY2020,FY2020 Q3,2020 Jan,"2020 Jan, 05",202001
20200106,1/6/2020,FY2020,FY2020 Q3,2020 Jan,"2020 Jan, 06",202001
20200107,1/7/2020,FY2020,FY2020 Q3,2020 Jan,"2020 Jan, 07",202001
20200108,1/8/2020,FY2020,FY2020 Q3,2020 Jan,"2020 Jan, 08",202001
20200109,1/9/2020,FY2020,FY2020 Q3,2020 Jan,"2020 Jan, 09",202001
20200110,1/10/2020,FY2020,FY2020 Q3,2020 Jan,"2020 Jan, 10",202001
20200111,1/11/2020,FY2020,FY2020 Q3,2020 Jan,"2020 Jan, 11",202001
20200112,1/12/2020,FY2020,FY2020 Q3,2020 Jan,"2020 Jan, 12",202001
20200113,1/13/2020,FY2020,FY2020 Q3,2020 Jan,"2020 Jan, 13",202001
20200114,1/14/2020,FY2020,FY2020 Q3,2020 Jan,"2020 Jan, 14",202001
20200115,1/15/2020,FY2020,FY2020 Q3,2020 Jan,"2020 Jan, 15",202001
20200116,1/16/2020,FY2020,FY2020 Q3,2020 Jan,"2020 Jan, 16",202001
20200117,1/17/2020,FY2020,FY2020 Q3,2020 Jan,"2020 Jan, 17",202001
20200118,1/18/2020,FY2020,FY2020 Q3,2020 Jan,"2020 Jan, 18",202001
20200119,1/19/2020,FY2020,FY2020 Q3,2020 Jan,"2020 Jan, 19",202001
20200120,1/20/2020,FY2020,FY2020 Q3,2020 Jan,"2020 Jan, 20",202001
20200121,1/21/2020,FY2020,FY2020 Q3,2020 Jan,"2020 Jan, 21",202001
20200122,1/22/2020,FY2020,FY2020 Q3,2020 Jan,"2020 Jan, 22",202001
20200123,1/23/2020,FY2020,FY2020 Q3,2020 Jan,"2020 Jan, 23",202001
20200124,1/24/2020,FY2020,FY2020 Q3,2020 Jan,"2020 Jan, 24",202001
20200125,1/25/2020,FY2020,FY2020 Q3,2020 Jan,"2020 Jan, 25",202001
20200126,1/26/2020,FY2020,FY2020 Q3,2020 Jan,"2020 Jan, 26",202001
20200127,1/27/2020,FY2020,FY2020 Q3,2020 Jan,"2020 Jan, 27",202001
20200128,1/28/2020,FY2020,FY2020 Q3,2020 Jan,"2020 Jan, 28",202001
20200129,1/29/2020,FY2020,FY2020 Q3,2020 Jan,"2020 Jan, 29",202001
20200130,1/30/2020,FY2020,FY2020 Q3,2020 Jan,"2020 Jan, 30",202001
20200131,1/31/2020,FY2020,FY2020 Q3,2020 Jan,"2020 Jan, 31",202001
20200201,2/1/2020,FY2020,FY2020 Q3,2020 Feb,"2020 Feb, 01",202002
20200202,2/2/2020,FY2020,FY2020 Q3,2020 Feb,"2020 Feb, 02",202002
20200203,2/3/2020,FY2020,FY2020 Q3,2020 Feb,"2020 Feb, 03",202002
20200204,2/4/2020,FY2020,FY2020 Q3,2020 Feb,"2020 Feb, 04",202002
20200205,2/5/2020,FY2020,FY2020 Q3,2020 Feb,"2020 Feb, 05",202002
20200206,2/6/2020,FY2020,FY2020 Q3,2020 Feb,"2020 Feb, 06",202002
20200207,2/7/2020,FY2020,FY2020 Q3,2020 Feb,"2020 Feb, 07",202002
20200208,2/8/2020,FY2020,FY2020 Q3,2020 Feb,"2020 Feb, 08",202002
20200209,2/9/2020,FY2020,FY2020 Q3,2020 Feb,"2020 Feb, 09",202002
20200210,2/10/2020,FY2020,FY2020 Q3,2020 Feb,"2020 Feb, 10",202002
20200211,2/11/2020,FY2020,FY2020 Q3,2020 Feb,"2020 Feb, 11",202002
20200212,2/12/2020,FY2020,FY2020 Q3,2020 Feb,"2020 Feb, 12",202002
20200213,2/13/2020,FY2020,FY2020 Q3,2020 Feb,"2020 Feb, 13",202002
20200214,2/14/2020,FY2020,FY2020 Q3,2020 Feb,"2020 Feb, 14",202002
20200215,2/15/2020,FY2020,FY2020 Q3,2020 Feb,"2020 Feb, 15",202002
20200216,2/16/2020,FY2020,FY2020 Q3,2020 Feb,"2020 Feb, 16",202002
20200217,2/17/2020,FY2020,FY2020 Q3,2020 Feb,"2020 Feb, 17",202002
20200218,2/18/2020,FY2020,FY2020 Q3,2020 Feb,"2020 Feb, 18",202002
20200219,2/19/2020,FY2020,FY2020 Q3,2020 Feb,"2020 Feb, 19",202002
20200220,2/20/2020,FY2020,FY2020 Q3,2020 Feb,"2020 Feb, 20",202002
20200221,2/21/2020,FY2020,FY2020 Q3,2020 Feb,"2020 Feb, 21",202002
20200222,2/22/2020,FY2020,FY2020 Q3,2020 Feb,"2020 Feb, 22",202002
20200223,2/23/2020,FY2020,FY2020 Q3,2020 Feb,"2020 Feb, 23",202002
20200224,2/24/2020,FY2020,FY2020 Q3,2020 Feb,"2020 Feb, 24",202002
20200225,2/25/2020,FY2020,FY2020 Q3,2020 Feb,"2020 Feb, 25",202002
20200226,2/26/2020,FY2020,FY2020 Q3,2020 Feb,"2020 Feb, 26",202002
20200227,2/27/2020,FY2020,FY2020 Q3,2020 Feb,"2020 Feb, 27",202002
20200228,2/28/2020,FY2020,FY2020 Q3,2020 Feb,"2020 Feb, 28",202002
20200229,2/29/2020,FY2020,FY2020 Q3,2020 Feb,"2020 Feb, 29",202002
20200301,3/1/2020,FY2020,FY2020 Q3,2020 Mar,"2020 Mar, 01",202003
20200302,3/2/2020,FY2020,FY2020 Q3,2020 Mar,"2020 Mar, 02",202003
20200303,3/3/2020,FY2020,FY2020 Q3,2020 Mar,"2020 Mar, 03",202003
20200304,3/4/2020,FY2020,FY2020 Q3,2020 Mar,"2020 Mar, 04",202003
20200305,3/5/2020,FY2020,FY2020 Q3,2020 Mar,"2020 Mar, 05",202003
20200306,3/6/2020,FY2020,FY2020 Q3,2020 Mar,"2020 Mar, 06",202003
20200307,3/7/2020,FY2020,FY2020 Q3,2020 Mar,"2020 Mar, 07",202003
20200308,3/8/2020,FY2020,FY2020 Q3,2020 Mar,"2020 Mar, 08",202003
20200309,3/9/2020,FY2020,FY2020 Q3,2020 Mar,"2020 Mar, 09",202003
20200310,3/10/2020,FY2020,FY2020 Q3,2020 Mar,"2020 Mar, 10",202003
20200311,3/11/2020,FY2020,FY2020 Q3,2020 Mar,"2020 Mar, 11",202003
20200312,3/12/2020,FY2020,FY2020 Q3,2020 Mar,"2020 Mar, 12",202003
20200313,3/13/2020,FY2020,FY2020 Q3,2020 Mar,"2020 Mar, 13",202003
20200314,3/14/2020,FY2020,FY2020 Q3,2020 Mar,"2020 Mar, 14",202003
20200315,3/15/2020,FY2020,FY2020 Q3,2020 Mar,"2020 Mar, 15",202003
20200316,3/16/2020,FY2020,FY2020 Q3,2020 Mar,"2020 Mar, 16",202003
20200317,3/17/2020,FY2020,FY2020 Q3,2020 Mar,"2020 Mar, 17",202003
20200318,3/18/2020,FY2020,FY2020 Q3,2020 Mar,"2020 Mar, 18",202003
20200319,3/19/2020,FY2020,FY2020 Q3,2020 Mar,"2020 Mar, 19",202003
20200320,3/20/2020,FY2020,FY2020 Q3,2020 Mar,"2020 Mar, 20",202003
20200321,3/21/2020,FY2020,FY2020 Q3,2020 Mar,"2020 Mar, 21",202003
20200322,3/22/2020,FY2020,FY2020 Q3,2020 Mar,"2020 Mar, 22",202003
20200323,3/23/2020,FY2020,FY2020 Q3,2020 Mar,"2020 Mar, 23",202003
20200324,3/24/2020,FY2020,FY2020 Q3,2020 Mar,"2020 Mar, 24",202003
20200325,3/25/2020,FY2020,FY2020 Q3,2020 Mar,"2020 Mar, 25",202003
20200326,3/26/2020,FY2020,FY2020 Q3,2020 Mar,"2020 Mar, 26",202003
20200327,3/27/2020,FY2020,FY2020 Q3,2020 Mar,"2020 Mar, 27",202003
20200328,3/28/2020,FY2020,FY2020 Q3,2020 Mar,"2020 Mar, 28",202003
20200329,3/29/2020,FY2020,FY2020 Q3,2020 Mar,"2020 Mar, 29",202003
20200330,3/30/2020,FY2020,FY2020 Q3,2020 Mar,"2020 Mar, 30",202003
20200331,3/31/2020,FY2020,FY2020 Q3,2020 Mar,"2020 Mar, 31",202003
20200401,4/1/2020,FY2020,FY2020 Q4,2020 Apr,"2020 Apr, 01",202004
20200402,4/2/2020,FY2020,FY2020 Q4,2020 Apr,"2020 Apr, 02",202004
20200403,4/3/2020,FY2020,FY2020 Q4,2020 Apr,"2020 Apr, 03",202004
20200404,4/4/2020,FY2020,FY2020 Q4,2020 Apr,"2020 Apr, 04",202004
20200405,4/5/2020,FY2020,FY2020 Q4,2020 Apr,"2020 Apr, 05",202004
20200406,4/6/2020,FY2020,FY2020 Q4,2020 Apr,"2020 Apr, 06",202004
20200407,4/7/2020,FY2020,FY2020 Q4,2020 Apr,"2020 Apr, 07",202004
20200408,4/8/2020,FY2020,FY2020 Q4,2020 Apr,"2020 Apr, 08",202004
20200409,4/9/2020,FY2020,FY2020 Q4,2020 Apr,"2020 Apr, 09",202004
20200410,4/10/2020,FY2020,FY2020 Q4,2020 Apr,"2020 Apr, 10",202004
20200411,4/11/2020,FY2020,FY2020 Q4,2020 Apr,"2020 Apr, 11",202004
20200412,4/12/2020,FY2020,FY2020 Q4,2020 Apr,"2020 Apr, 12",202004
20200413,4/13/2020,FY2020,FY2020 Q4,2020 Apr,"2020 Apr, 13",202004
20200414,4/14/2020,FY2020,FY2020 Q4,2020 Apr,"2020 Apr, 14",202004
20200415,4/15/2020,FY2020,FY2020 Q4,2020 Apr,"2020 Apr, 15",202004
20200416,4/16/2020,FY2020,FY2020 Q4,2020 Apr,"2020 Apr, 16",202004
20200417,4/17/2020,FY2020,FY2020 Q4,2020 Apr,"2020 Apr, 17",202004
20200418,4/18/2020,FY2020,FY2020 Q4,2020 Apr,"2020 Apr, 18",202004
20200419,4/19/2020,FY2020,FY2020 Q4,2020 Apr,"2020 Apr, 19",202004
20200420,4/20/2020,FY2020,FY2020 Q4,2020 Apr,"2020 Apr, 20",202004
20200421,4/21/2020,FY2020,FY2020 Q4,2020 Apr,"2020 Apr, 21",202004
20200422,4/22/2020,FY2020,FY2020 Q4,2020 Apr,"2020 Apr, 22",202004
20200423,4/23/2020,FY2020,FY2020 Q4,2020 Apr,"2020 Apr, 23",202004
20200424,4/24/2020,FY2020,FY2020 Q4,2020 Apr,"2020 Apr, 24",202004
20200425,4/25/2020,FY2020,FY2020 Q4,2020 Apr,"2020 Apr, 25",202004
20200426,4/26/2020,FY2020,FY2020 Q4,2020 Apr,"2020 Apr, 26",202004
20200427,4/27/2020,FY2020,FY2020 Q4,2020 Apr,"2020 Apr, 27",202004
20200428,4/28/2020,FY2020,FY2020 Q4,2020 Apr,"2020 Apr, 28",202004
20200429,4/29/2020,FY2020,FY2020 Q4,2020 Apr,"2020 Apr, 29",202004
20200430,4/30/2020,FY2020,FY2020 Q4,2020 Apr,"2020 Apr, 30",202004
20200501,5/1/2020,FY2020,FY2020 Q4,2020 May,"2020 May, 01",202005
20200502,5/2/2020,FY2020,FY2020 Q4,2020 May,"2020 May, 02",202005
20200503,5/3/2020,FY2020,FY2020 Q4,2020 May,"2020 May, 03",202005
20200504,5/4/2020,FY2020,FY2020 Q4,2020 May,"2020 May, 04",202005
20200505,5/5/2020,FY2020,FY2020 Q4,2020 May,"2020 May, 05",202005
20200506,5/6/2020,FY2020,FY2020 Q4,2020 May,"2020 May, 06",202005
20200507,5/7/2020,FY2020,FY2020 Q4,2020 May,"2020 May, 07",202005
20200508,5/8/2020,FY2020,FY2020 Q4,2020 May,"2020 May, 08",202005
20200509,5/9/2020,FY2020,FY2020 Q4,2020 May,"2020 May, 09",202005
20200510,5/10/2020,FY2020,FY2020 Q4,2020 May,"2020 May, 10",202005
20200511,5/11/2020,FY2020,FY2020 Q4,2020 May,"2020 May, 11",202005
20200512,5/12/2020,FY2020,FY2020 Q4,2020 May,"2020 May, 12",202005
20200513,5/13/2020,FY2020,FY2020 Q4,2020 May,"2020 May, 13",202005
20200514,5/14/2020,FY2020,FY2020 Q4,2020 May,"2020 May, 14",202005
20200515,5/15/2020,FY2020,FY2020 Q4,2020 May,"2020 May, 15",202005
20200516,5/16/2020,FY2020,FY2020 Q4,2020 May,"2020 May, 16",202005
20200517,5/17/2020,FY2020,FY2020 Q4,2020 May,"2020 May, 17",202005
20200518,5/18/2020,FY2020,FY2020 Q4,2020 May,"2020 May, 18",202005
20200519,5/19/2020,FY2020,FY2020 Q4,2020 May,"2020 May, 19",202005
20200520,5/20/2020,FY2020,FY2020 Q4,2020 May,"2020 May, 20",202005
20200521,5/21/2020,FY2020,FY2020 Q4,2020 May,"2020 May, 21",202005
20200522,5/22/2020,FY2020,FY2020 Q4,2020 May,"2020 May, 22",202005
20200523,5/23/2020,FY2020,FY2020 Q4,2020 May,"2020 May, 23",202005
20200524,5/24/2020,FY2020,FY2020 Q4,2020 May,"2020 May, 24",202005
20200525,5/25/2020,FY2020,FY2020 Q4,2020 May,"2020 May, 25",202005
20200526,5/26/2020,FY2020,FY2020 Q4,2020 May,"2020 May, 26",202005
20200527,5/27/2020,FY2020,FY2020 Q4,2020 May,"2020 May, 27",202005
20200528,5/28/2020,FY2020,FY2020 Q4,2020 May,"2020 May, 28",202005
20200529,5/29/2020,FY2020,FY2020 Q4,2020 May,"2020 May, 29",202005
20200530,5/30/2020,FY2020,FY2020 Q4,2020 May,"2020 May, 30",202005
20200531,5/31/2020,FY2020,FY2020 Q4,2020 May,"2020 May, 31",202005
20200601,6/1/2020,FY2020,FY2020 Q4,2020 Jun,"2020 Jun, 01",202006
20200602,6/2/2020,FY2020,FY2020 Q4,2020 Jun,"2020 Jun, 02",202006
20200603,6/3/2020,FY2020,FY2020 Q4,2020 Jun,"2020 Jun, 03",202006
20200604,6/4/2020,FY2020,FY2020 Q4,2020 Jun,"2020 Jun, 04",202006
20200605,6/5/2020,FY2020,FY2020 Q4,2020 Jun,"2020 Jun, 05",202006
20200606,6/6/2020,FY2020,FY2020 Q4,2020 Jun,"2020 Jun, 06",202006
20200607,6/7/2020,FY2020,FY2020 Q4,2020 Jun,"2020 Jun, 07",202006
20200608,6/8/2020,FY2020,FY2020 Q4,2020 Jun,"2020 Jun, 08",202006
20200609,6/9/2020,FY2020,FY2020 Q4,2020 Jun,"2020 Jun, 09",202006
20200610,6/10/2020,FY2020,FY2020 Q4,2020 Jun,"2020 Jun, 10",202006
20200611,6/11/2020,FY2020,FY2020 Q4,2020 Jun,"2020 Jun, 11",202006
20200612,6/12/2020,FY2020,FY2020 Q4,2020 Jun,"2020 Jun, 12",202006
20200613,6/13/2020,FY2020,FY2020 Q4,2020 Jun,"2020 Jun, 13",202006
20200614,6/14/2020,FY2020,FY2020 Q4,2020 Jun,"2020 Jun, 14",202006
20200615,6/15/2020,FY2020,FY2020 Q4,2020 Jun,"2020 Jun, 15",202006
20200616,6/16/2020,FY2020,FY2020 Q4,2020 Jun,"2020 Jun, 16",202006
20200617,6/17/2020,FY2020,FY2020 Q4,2020 Jun,"2020 Jun, 17",202006
20200618,6/18/2020,FY2020,FY2020 Q4,2020 Jun,"2020 Jun, 18",202006
20200619,6/19/2020,FY2020,FY2020 Q4,2020 Jun,"2020 Jun, 19",202006
20200620,6/20/2020,FY2020,FY2020 Q4,2020 Jun,"2020 Jun, 20",202006
20200621,6/21/2020,FY2020,FY2020 Q4,2020 Jun,"2020 Jun, 21",202006
20200622,6/22/2020,FY2020,FY2020 Q4,2020 Jun,"2020 Jun, 22",202006
20200623,6/23/2020,FY2020,FY2020 Q4,2020 Jun,"2020 Jun, 23",202006
20200624,6/24/2020,FY2020,FY2020 Q4,2020 Jun,"2020 Jun, 24",202006
20200625,6/25/2020,FY2020,FY2020 Q4,2020 Jun,"2020 Jun, 25",202006
20200626,6/26/2020,FY2020,FY2020 Q4,2020 Jun,"2020 Jun, 26",202006
20200627,6/27/2020,FY2020,FY2020 Q4,2020 Jun,"2020 Jun, 27",202006
20200628,6/28/2020,FY2020,FY2020 Q4,2020 Jun,"2020 Jun, 28",202006
20200629,6/29/2020,FY2020,FY2020 Q4,2020 Jun,"2020 Jun, 29",202006
20200630,6/30/2020,FY2020,FY2020 Q4,2020 Jun,"2020 Jun, 30",202006
20200701,7/1/2020,FY2021,FY2021 Q1,2020 Jul,"2020 Jul, 01",202007
20200702,7/2/2020,FY2021,FY2021 Q1,2020 Jul,"2020 Jul, 02",202007
20200703,7/3/2020,FY2021,FY2021 Q1,2020 Jul,"2020 Jul, 03",202007
20200704,7/4/2020,FY2021,FY2021 Q1,2020 Jul,"2020 Jul, 04",202007
20200705,7/5/2020,FY2021,FY2021 Q1,2020 Jul,"2020 Jul, 05",202007
20200706,7/6/2020,FY2021,FY2021 Q1,2020 Jul,"2020 Jul, 06",202007
20200707,7/7/2020,FY2021,FY2021 Q1,2020 Jul,"2020 Jul, 07",202007
20200708,7/8/2020,FY2021,FY2021 Q1,2020 Jul,"2020 Jul, 08",202007
20200709,7/9/2020,FY2021,FY2021 Q1,2020 Jul,"2020 Jul, 09",202007
20200710,7/10/2020,FY2021,FY2021 Q1,2020 Jul,"2020 Jul, 10",202007
20200711,7/11/2020,FY2021,FY2021 Q1,2020 Jul,"2020 Jul, 11",202007
20200712,7/12/2020,FY2021,FY2021 Q1,2020 Jul,"2020 Jul, 12",202007
20200713,7/13/2020,FY2021,FY2021 Q1,2020 Jul,"2020 Jul, 13",202007
20200714,7/14/2020,FY2021,FY2021 Q1,2020 Jul,"2020 Jul, 14",202007
20200715,7/15/2020,FY2021,FY2021 Q1,2020 Jul,"2020 Jul, 15",202007
20200716,7/16/2020,FY2021,FY2021 Q1,2020 Jul,"2020 Jul, 16",202007
20200717,7/17/2020,FY2021,FY2021 Q1,2020 Jul,"2020 Jul, 17",202007
20200718,7/18/2020,FY2021,FY2021 Q1,2020 Jul,"2020 Jul, 18",202007
20200719,7/19/2020,FY2021,FY2021 Q1,2020 Jul,"2020 Jul, 19",202007
20200720,7/20/2020,FY2021,FY2021 Q1,2020 Jul,"2020 Jul, 20",202007
20200721,7/21/2020,FY2021,FY2021 Q1,2020 Jul,"2020 Jul, 21",202007
20200722,7/22/2020,FY2021,FY2021 Q1,2020 Jul,"2020 Jul, 22",202007
20200723,7/23/2020,FY2021,FY2021 Q1,2020 Jul,"2020 Jul, 23",202007
20200724,7/24/2020,FY2021,FY2021 Q1,2020 Jul,"2020 Jul, 24",202007
20200725,7/25/2020,FY2021,FY2021 Q1,2020 Jul,"2020 Jul, 25",202007
20200726,7/26/2020,FY2021,FY2021 Q1,2020 Jul,"2020 Jul, 26",202007
20200727,7/27/2020,FY2021,FY2021 Q1,2020 Jul,"2020 Jul, 27",202007
20200728,7/28/2020,FY2021,FY2021 Q1,2020 Jul,"2020 Jul, 28",202007
20200729,7/29/2020,FY2021,FY2021 Q1,2020 Jul,"2020 Jul, 29",202007
20200730,7/30/2020,FY2021,FY2021 Q1,2020 Jul,"2020 Jul, 30",202007
20200731,7/31/2020,FY2021,FY2021 Q1,2020 Jul,"2020 Jul, 31",202007
20200801,8/1/2020,FY2021,FY2021 Q1,2020 Aug,"2020 Aug, 01",202008
20200802,8/2/2020,FY2021,FY2021 Q1,2020 Aug,"2020 Aug, 02",202008
20200803,8/3/2020,FY2021,FY2021 Q1,2020 Aug,"2020 Aug, 03",202008
20200804,8/4/2020,FY2021,FY2021 Q1,2020 Aug,"2020 Aug, 04",202008
20200805,8/5/2020,FY2021,FY2021 Q1,2020 Aug,"2020 Aug, 05",202008
20200806,8/6/2020,FY2021,FY2021 Q1,2020 Aug,"2020 Aug, 06",202008
20200807,8/7/2020,FY2021,FY2021 Q1,2020 Aug,"2020 Aug, 07",202008
20200808,8/8/2020,FY2021,FY2021 Q1,2020 Aug,"2020 Aug, 08",202008
20200809,8/9/2020,FY2021,FY2021 Q1,2020 Aug,"2020 Aug, 09",202008
20200810,8/10/2020,FY2021,FY2021 Q1,2020 Aug,"2020 Aug, 10",202008
20200811,8/11/2020,FY2021,FY2021 Q1,2020 Aug,"2020 Aug, 11",202008
20200812,8/12/2020,FY2021,FY2021 Q1,2020 Aug,"2020 Aug, 12",202008
20200813,8/13/2020,FY2021,FY2021 Q1,2020 Aug,"2020 Aug, 13",202008
20200814,8/14/2020,FY2021,FY2021 Q1,2020 Aug,"2020 Aug, 14",202008
20200815,8/15/2020,FY2021,FY2021 Q1,2020 Aug,"2020 Aug, 15",202008
20200816,8/16/2020,FY2021,FY2021 Q1,2020 Aug,"2020 Aug, 16",202008
20200817,8/17/2020,FY2021,FY2021 Q1,2020 Aug,"2020 Aug, 17",202008
20200818,8/18/2020,FY2021,FY2021 Q1,2020 Aug,"2020 Aug, 18",202008
20200819,8/19/2020,FY2021,FY2021 Q1,2020 Aug,"2020 Aug, 19",202008
20200820,8/20/2020,FY2021,FY2021 Q1,2020 Aug,"2020 Aug, 20",202008
20200821,8/21/2020,FY2021,FY2021 Q1,2020 Aug,"2020 Aug, 21",202008
20200822,8/22/2020,FY2021,FY2021 Q1,2020 Aug,"2020 Aug, 22",202008
20200823,8/23/2020,FY2021,FY2021 Q1,2020 Aug,"2020 Aug, 23",202008
20200824,8/24/2020,FY2021,FY2021 Q1,2020 Aug,"2020 Aug, 24",202008
20200825,8/25/2020,FY2021,FY2021 Q1,2020 Aug,"2020 Aug, 25",202008
20200826,8/26/2020,FY2021,FY2021 Q1,2020 Aug,"2020 Aug, 26",202008
20200827,8/27/2020,FY2021,FY2021 Q1,2020 Aug,"2020 Aug, 27",202008
20200828,8/28/2020,FY2021,FY2021 Q1,2020 Aug,"2020 Aug, 28",202008
20200829,8/29/2020,FY2021,FY2021 Q1,2020 Aug,"2020 Aug, 29",202008
20200830,8/30/2020,FY2021,FY2021 Q1,2020 Aug,"2020 Aug, 30",202008
20200831,8/31/2020,FY2021,FY2021 Q1,2020 Aug,"2020 Aug, 31",202008
20200901,9/1/2020,FY2021,FY2021 Q1,2020 Sep,"2020 Sep, 01",202009
20200902,9/2/2020,FY2021,FY2021 Q1,2020 Sep,"2020 Sep, 02",202009
20200903,9/3/2020,FY2021,FY2021 Q1,2020 Sep,"2020 Sep, 03",202009
20200904,9/4/2020,FY2021,FY2021 Q1,2020 Sep,"2020 Sep, 04",202009
20200905,9/5/2020,FY2021,FY2021 Q1,2020 Sep,"2020 Sep, 05",202009
20200906,9/6/2020,FY2021,FY2021 Q1,2020 Sep,"2020 Sep, 06",202009
20200907,9/7/2020,FY2021,FY2021 Q1,2020 Sep,"2020 Sep, 07",202009
20200908,9/8/2020,FY2021,FY2021 Q1,2020 Sep,"2020 Sep, 08",202009
20200909,9/9/2020,FY2021,FY2021 Q1,2020 Sep,"2020 Sep, 09",202009
20200910,9/10/2020,FY2021,FY2021 Q1,2020 Sep,"2020 Sep, 10",202009
20200911,9/11/2020,FY2021,FY2021 Q1,2020 Sep,"2020 Sep, 11",202009
20200912,9/12/2020,FY2021,FY2021 Q1,2020 Sep,"2020 Sep, 12",202009
20200913,9/13/2020,FY2021,FY2021 Q1,2020 Sep,"2020 Sep, 13",202009
20200914,9/14/2020,FY2021,FY2021 Q1,2020 Sep,"2020 Sep, 14",202009
20200915,9/15/2020,FY2021,FY2021 Q1,2020 Sep,"2020 Sep, 15",202009
20200916,9/16/2020,FY2021,FY2021 Q1,2020 Sep,"2020 Sep, 16",202009
20200917,9/17/2020,FY2021,FY2021 Q1,2020 Sep,"2020 Sep, 17",202009
20200918,9/18/2020,FY2021,FY2021 Q1,2020 Sep,"2020 Sep, 18",202009
20200919,9/19/2020,FY2021,FY2021 Q1,2020 Sep,"2020 Sep, 19",202009
20200920,9/20/2020,FY2021,FY2021 Q1,2020 Sep,"2020 Sep, 20",202009
20200921,9/21/2020,FY2021,FY2021 Q1,2020 Sep,"2020 Sep, 21",202009
20200922,9/22/2020,FY2021,FY2021 Q1,2020 Sep,"2020 Sep, 22",202009
20200923,9/23/2020,FY2021,FY2021 Q1,2020 Sep,"2020 Sep, 23",202009
20200924,9/24/2020,FY2021,FY2021 Q1,2020 Sep,"2020 Sep, 24",202009
20200925,9/25/2020,FY2021,FY2021 Q1,2020 Sep,"2020 Sep, 25",202009
20200926,9/26/2020,FY2021,FY2021 Q1,2020 Sep,"2020 Sep, 26",202009
20200927,9/27/2020,FY2021,FY2021 Q1,2020 Sep,"2020 Sep, 27",202009
20200928,9/28/2020,FY2021,FY2021 Q1,2020 Sep,"2020 Sep, 28",202009
20200929,9/29/2020,FY2021,FY2021 Q1,2020 Sep,"2020 Sep, 29",202009
20200930,9/30/2020,FY2021,FY2021 Q1,2020 Sep,"2020 Sep, 30",202009
20201001,10/1/2020,FY2021,FY2021 Q2,2020 Oct,"2020 Oct, 01",202010
20201002,10/2/2020,FY2021,FY2021 Q2,2020 Oct,"2020 Oct, 02",202010
20201003,10/3/2020,FY2021,FY2021 Q2,2020 Oct,"2020 Oct, 03",202010
20201004,10/4/2020,FY2021,FY2021 Q2,2020 Oct,"2020 Oct, 04",202010
20201005,10/5/2020,FY2021,FY2021 Q2,2020 Oct,"2020 Oct, 05",202010
20201006,10/6/2020,FY2021,FY2021 Q2,2020 Oct,"2020 Oct, 06",202010
20201007,10/7/2020,FY2021,FY2021 Q2,2020 Oct,"2020 Oct, 07",202010
20201008,10/8/2020,FY2021,FY2021 Q2,2020 Oct,"2020 Oct, 08",202010
20201009,10/9/2020,FY2021,FY2021 Q2,2020 Oct,"2020 Oct, 09",202010
20201010,10/10/2020,FY2021,FY2021 Q2,2020 Oct,"2020 Oct, 10",202010
20201011,10/11/2020,FY2021,FY2021 Q2,2020 Oct,"2020 Oct, 11",202010
20201012,10/12/2020,FY2021,FY2021 Q2,2020 Oct,"2020 Oct, 12",202010
20201013,10/13/2020,FY2021,FY2021 Q2,2020 Oct,"2020 Oct, 13",202010
20201014,10/14/2020,FY2021,FY2021 Q2,2020 Oct,"2020 Oct, 14",202010
20201015,10/15/2020,FY2021,FY2021 Q2,2020 Oct,"2020 Oct, 15",202010
20201016,10/16/2020,FY2021,FY2021 Q2,2020 Oct,"2020 Oct, 16",202010
20201017,10/17/2020,FY2021,FY2021 Q2,2020 Oct,"2020 Oct, 17",202010
20201018,10/18/2020,FY2021,FY2021 Q2,2020 Oct,"2020 Oct, 18",202010
20201019,10/19/2020,FY2021,FY2021 Q2,2020 Oct,"2020 Oct, 19",202010
20201020,10/20/2020,FY2021,FY2021 Q2,2020 Oct,"2020 Oct, 20",202010
20201021,10/21/2020,FY2021,FY2021 Q2,2020 Oct,"2020 Oct, 21",202010
20201022,10/22/2020,FY2021,FY2021 Q2,2020 Oct,"2020 Oct, 22",202010
20201023,10/23/2020,FY2021,FY2021 Q2,2020 Oct,"2020 Oct, 23",202010
20201024,10/24/2020,FY2021,FY2021 Q2,2020 Oct,"2020 Oct, 24",202010
20201025,10/25/2020,FY2021,FY2021 Q2,2020 Oct,"2020 Oct, 25",202010
20201026,10/26/2020,FY2021,FY2021 Q2,2020 Oct,"2020 Oct, 26",202010
20201027,10/27/2020,FY2021,FY2021 Q2,2020 Oct,"2020 Oct, 27",202010
20201028,10/28/2020,FY2021,FY2021 Q2,2020 Oct,"2020 Oct, 28",202010
20201029,10/29/2020,FY2021,FY2021 Q2,2020 Oct,"2020 Oct, 29",202010
20201030,10/30/2020,FY2021,FY2021 Q2,2020 Oct,"2020 Oct, 30",202010
20201031,10/31/2020,FY2021,FY2021 Q2,2020 Oct,"2020 Oct, 31",202010
20201101,11/1/2020,FY2021,FY2021 Q2,2020 Nov,"2020 Nov, 01",202011
20201102,11/2/2020,FY2021,FY2021 Q2,2020 Nov,"2020 Nov, 02",202011
20201103,11/3/2020,FY2021,FY2021 Q2,2020 Nov,"2020 Nov, 03",202011
20201104,11/4/2020,FY2021,FY2021 Q2,2020 Nov,"2020 Nov, 04",202011
20201105,11/5/2020,FY2021,FY2021 Q2,2020 Nov,"2020 Nov, 05",202011
20201106,11/6/2020,FY2021,FY2021 Q2,2020 Nov,"2020 Nov, 06",202011
20201107,11/7/2020,FY2021,FY2021 Q2,2020 Nov,"2020 Nov, 07",202011
20201108,11/8/2020,FY2021,FY2021 Q2,2020 Nov,"2020 Nov, 08",202011
20201109,11/9/2020,FY2021,FY2021 Q2,2020 Nov,"2020 Nov, 09",202011
20201110,11/10/2020,FY2021,FY2021 Q2,2020 Nov,"2020 Nov, 10",202011
20201111,11/11/2020,FY2021,FY2021 Q2,2020 Nov,"2020 Nov, 11",202011
20201112,11/12/2020,FY2021,FY2021 Q2,2020 Nov,"2020 Nov, 12",202011
20201113,11/13/2020,FY2021,FY2021 Q2,2020 Nov,"2020 Nov, 13",202011
20201114,11/14/2020,FY2021,FY2021 Q2,2020 Nov,"2020 Nov, 14",202011
20201115,11/15/2020,FY2021,FY2021 Q2,2020 Nov,"2020 Nov, 15",202011
20201116,11/16/2020,FY2021,FY2021 Q2,2020 Nov,"2020 Nov, 16",202011
20201117,11/17/2020,FY2021,FY2021 Q2,2020 Nov,"2020 Nov, 17",202011
20201118,11/18/2020,FY2021,FY2021 Q2,2020 Nov,"2020 Nov, 18",202011
20201119,11/19/2020,FY2021,FY2021 Q2,2020 Nov,"2020 Nov, 19",202011
20201120,11/20/2020,FY2021,FY2021 Q2,2020 Nov,"2020 Nov, 20",202011
20201121,11/21/2020,FY2021,FY2021 Q2,2020 Nov,"2020 Nov, 21",202011
20201122,11/22/2020,FY2021,FY2021 Q2,2020 Nov,"2020 Nov, 22",202011
20201123,11/23/2020,FY2021,FY2021 Q2,2020 Nov,"2020 Nov, 23",202011
20201124,11/24/2020,FY2021,FY2021 Q2,2020 Nov,"2020 Nov, 24",202011
20201125,11/25/2020,FY2021,FY2021 Q2,2020 Nov,"2020 Nov, 25",202011
20201126,11/26/2020,FY2021,FY2021 Q2,2020 Nov,"2020 Nov, 26",202011
20201127,11/27/2020,FY2021,FY2021 Q2,2020 Nov,"2020 Nov, 27",202011
20201128,11/28/2020,FY2021,FY2021 Q2,2020 Nov,"2020 Nov, 28",202011
20201129,11/29/2020,FY2021,FY2021 Q2,2020 Nov,"2020 Nov, 29",202011
20201130,11/30/2020,FY2021,FY2021 Q2,2020 Nov,"2020 Nov, 30",202011
20201201,12/1/2020,FY2021,FY2021 Q2,2020 Dec,"2020 Dec, 01",202012
20201202,12/2/2020,FY2021,FY2021 Q2,2020 Dec,"2020 Dec, 02",202012
20201203,12/3/2020,FY2021,FY2021 Q2,2020 Dec,"2020 Dec, 03",202012
20201204,12/4/2020,FY2021,FY2021 Q2,2020 Dec,"2020 Dec, 04",202012
20201205,12/5/2020,FY2021,FY2021 Q2,2020 Dec,"2020 Dec, 05",202012
20201206,12/6/2020,FY2021,FY2021 Q2,2020 Dec,"2020 Dec, 06",202012
20201207,12/7/2020,FY2021,FY2021 Q2,2020 Dec,"2020 Dec, 07",202012
20201208,12/8/2020,FY2021,FY2021 Q2,2020 Dec,"2020 Dec, 08",202012
20201209,12/9/2020,FY2021,FY2021 Q2,2020 Dec,"2020 Dec, 09",202012
20201210,12/10/2020,FY2021,FY2021 Q2,2020 Dec,"2020 Dec, 10",202012
20201211,12/11/2020,FY2021,FY2021 Q2,2020 Dec,"2020 Dec, 11",202012
20201212,12/12/2020,FY2021,FY2021 Q2,2020 Dec,"2020 Dec, 12",202012
20201213,12/13/2020,FY2021,FY2021 Q2,2020 Dec,"2020 Dec, 13",202012
20201214,12/14/2020,FY2021,FY2021 Q2,2020 Dec,"2020 Dec, 14",202012
20201215,12/15/2020,FY2021,FY2021 Q2,2020 Dec,"2020 Dec, 15",202012
20201216,12/16/2020,FY2021,FY2021 Q2,2020 Dec,"2020 Dec, 16",202012
20201217,12/17/2020,FY2021,FY2021 Q2,2020 Dec,"2020 Dec, 17",202012
20201218,12/18/2020,FY2021,FY2021 Q2,2020 Dec,"2020 Dec, 18",202012
20201219,12/19/2020,FY2021,FY2021 Q2,2020 Dec,"2020 Dec, 19",202012
20201220,12/20/2020,FY2021,FY2021 Q2,2020 Dec,"2020 Dec, 20",202012
20201221,12/21/2020,FY2021,FY2021 Q2,2020 Dec,"2020 Dec, 21",202012
20201222,12/22/2020,FY2021,FY2021 Q2,2020 Dec,"2020 Dec, 22",202012
20201223,12/23/2020,FY2021,FY2021 Q2,2020 Dec,"2020 Dec, 23",202012
20201224,12/24/2020,FY2021,FY2021 Q2,2020 Dec,"2020 Dec, 24",202012
20201225,12/25/2020,FY2021,FY2021 Q2,2020 Dec,"2020 Dec, 25",202012
20201226,12/26/2020,FY2021,FY2021 Q2,2020 Dec,"2020 Dec, 26",202012
20201227,12/27/2020,FY2021,FY2021 Q2,2020 Dec,"2020 Dec, 27",202012
20201228,12/28/2020,FY2021,FY2021 Q2,2020 Dec,"2020 Dec, 28",202012
20201229,12/29/2020,FY2021,FY2021 Q2,2020 Dec,"2020 Dec, 29",202012
20201230,12/30/2020,FY2021,FY2021 Q2,2020 Dec,"2020 Dec, 30",202012
20201231,12/31/2020,FY2021,FY2021 Q2,2020 Dec,"2020 Dec, 31",202012
20210101,1/1/2021,FY2021,FY2021 Q3,2021 Jan,"2021 Jan, 01",202101
20210102,1/2/2021,FY2021,FY2021 Q3,2021 Jan,"2021 Jan, 02",202101
20210103,1/3/2021,FY2021,FY2021 Q3,2021 Jan,"2021 Jan, 03",202101
20210104,1/4/2021,FY2021,FY2021 Q3,2021 Jan,"2021 Jan, 04",202101
20210105,1/5/2021,FY2021,FY2021 Q3,2021 Jan,"2021 Jan, 05",202101
20210106,1/6/2021,FY2021,FY2021 Q3,2021 Jan,"2021 Jan, 06",202101
20210107,1/7/2021,FY2021,FY2021 Q3,2021 Jan,"2021 Jan, 07",202101
20210108,1/8/2021,FY2021,FY2021 Q3,2021 Jan,"2021 Jan, 08",202101
20210109,1/9/2021,FY2021,FY2021 Q3,2021 Jan,"2021 Jan, 09",202101
20210110,1/10/2021,FY2021,FY2021 Q3,2021 Jan,"2021 Jan, 10",202101
20210111,1/11/2021,FY2021,FY2021 Q3,2021 Jan,"2021 Jan, 11",202101
20210112,1/12/2021,FY2021,FY2021 Q3,2021 Jan,"2021 Jan, 12",202101
20210113,1/13/2021,FY2021,FY2021 Q3,2021 Jan,"2021 Jan, 13",202101
20210114,1/14/2021,FY2021,FY2021 Q3,2021 Jan,"2021 Jan, 14",202101
20210115,1/15/2021,FY2021,FY2021 Q3,2021 Jan,"2021 Jan, 15",202101
20210116,1/16/2021,FY2021,FY2021 Q3,2021 Jan,"2021 Jan, 16",202101
20210117,1/17/2021,FY2021,FY2021 Q3,2021 Jan,"2021 Jan, 17",202101
20210118,1/18/2021,FY2021,FY2021 Q3,2021 Jan,"2021 Jan, 18",202101
20210119,1/19/2021,FY2021,FY2021 Q3,2021 Jan,"2021 Jan, 19",202101
20210120,1/20/2021,FY2021,FY2021 Q3,2021 Jan,"2021 Jan, 20",202101
20210121,1/21/2021,FY2021,FY2021 Q3,2021 Jan,"2021 Jan, 21",202101
20210122,1/22/2021,FY2021,FY2021 Q3,2021 Jan,"2021 Jan, 22",202101
20210123,1/23/2021,FY2021,FY2021 Q3,2021 Jan,"2021 Jan, 23",202101
20210124,1/24/2021,FY2021,FY2021 Q3,2021 Jan,"2021 Jan, 24",202101
20210125,1/25/2021,FY2021,FY2021 Q3,2021 Jan,"2021 Jan, 25",202101
20210126,1/26/2021,FY2021,FY2021 Q3,2021 Jan,"2021 Jan, 26",202101
20210127,1/27/2021,FY2021,FY2021 Q3,2021 Jan,"2021 Jan, 27",202101
20210128,1/28/2021,FY2021,FY2021 Q3,2021 Jan,"2021 Jan, 28",202101
20210129,1/29/2021,FY2021,FY2021 Q3,2021 Jan,"2021 Jan, 29",202101
20210130,1/30/2021,FY2021,FY2021 Q3,2021 Jan,"2021 Jan, 30",202101
20210131,1/31/2021,FY2021,FY2021 Q3,2021 Jan,"2021 Jan, 31",202101
20210201,2/1/2021,FY2021,FY2021 Q3,2021 Feb,"2021 Feb, 01",202102
20210202,2/2/2021,FY2021,FY2021 Q3,2021 Feb,"2021 Feb, 02",202102
20210203,2/3/2021,FY2021,FY2021 Q3,2021 Feb,"2021 Feb, 03",202102
20210204,2/4/2021,FY2021,FY2021 Q3,2021 Feb,"2021 Feb, 04",202102
20210205,2/5/2021,FY2021,FY2021 Q3,2021 Feb,"2021 Feb, 05",202102
20210206,2/6/2021,FY2021,FY2021 Q3,2021 Feb,"2021 Feb, 06",202102
20210207,2/7/2021,FY2021,FY2021 Q3,2021 Feb,"2021 Feb, 07",202102
20210208,2/8/2021,FY2021,FY2021 Q3,2021 Feb,"2021 Feb, 08",202102
20210209,2/9/2021,FY2021,FY2021 Q3,2021 Feb,"2021 Feb, 09",202102
20210210,2/10/2021,FY2021,FY2021 Q3,2021 Feb,"2021 Feb, 10",202102
20210211,2/11/2021,FY2021,FY2021 Q3,2021 Feb,"2021 Feb, 11",202102
20210212,2/12/2021,FY2021,FY2021 Q3,2021 Feb,"2021 Feb, 12",202102
20210213,2/13/2021,FY2021,FY2021 Q3,2021 Feb,"2021 Feb, 13",202102
20210214,2/14/2021,FY2021,FY2021 Q3,2021 Feb,"2021 Feb, 14",202102
20210215,2/15/2021,FY2021,FY2021 Q3,2021 Feb,"2021 Feb, 15",202102
20210216,2/16/2021,FY2021,FY2021 Q3,2021 Feb,"2021 Feb, 16",202102
20210217,2/17/2021,FY2021,FY2021 Q3,2021 Feb,"2021 Feb, 17",202102
20210218,2/18/2021,FY2021,FY2021 Q3,2021 Feb,"2021 Feb, 18",202102
20210219,2/19/2021,FY2021,FY2021 Q3,2021 Feb,"2021 Feb, 19",202102
20210220,2/20/2021,FY2021,FY2021 Q3,2021 Feb,"2021 Feb, 20",202102
20210221,2/21/2021,FY2021,FY2021 Q3,2021 Feb,"2021 Feb, 21",202102
20210222,2/22/2021,FY2021,FY2021 Q3,2021 Feb,"2021 Feb, 22",202102
20210223,2/23/2021,FY2021,FY2021 Q3,2021 Feb,"2021 Feb, 23",202102
20210224,2/24/2021,FY2021,FY2021 Q3,2021 Feb,"2021 Feb, 24",202102
20210225,2/25/2021,FY2021,FY2021 Q3,2021 Feb,"2021 Feb, 25",202102
20210226,2/26/2021,FY2021,FY2021 Q3,2021 Feb,"2021 Feb, 26",202102
20210227,2/27/2021,FY2021,FY2021 Q3,2021 Feb,"2021 Feb, 27",202102
20210228,2/28/2021,FY2021,FY2021 Q3,2021 Feb,"2021 Feb, 28",202102
20210301,3/1/2021,FY2021,FY2021 Q3,2021 Mar,"2021 Mar, 01",202103
20210302,3/2/2021,FY2021,FY2021 Q3,2021 Mar,"2021 Mar, 02",202103
20210303,3/3/2021,FY2021,FY2021 Q3,2021 Mar,"2021 Mar, 03",202103
20210304,3/4/2021,FY2021,FY2021 Q3,2021 Mar,"2021 Mar, 04",202103
20210305,3/5/2021,FY2021,FY2021 Q3,2021 Mar,"2021 Mar, 05",202103
20210306,3/6/2021,FY2021,FY2021 Q3,2021 Mar,"2021 Mar, 06",202103
20210307,3/7/2021,FY2021,FY2021 Q3,2021 Mar,"2021 Mar, 07",202103
20210308,3/8/2021,FY2021,FY2021 Q3,2021 Mar,"2021 Mar, 08",202103
20210309,3/9/2021,FY2021,FY2021 Q3,2021 Mar,"2021 Mar, 09",202103
20210310,3/10/2021,FY2021,FY2021 Q3,2021 Mar,"2021 Mar, 10",202103
20210311,3/11/2021,FY2021,FY2021 Q3,2021 Mar,"2021 Mar, 11",202103
20210312,3/12/2021,FY2021,FY2021 Q3,2021 Mar,"2021 Mar, 12",202103
20210313,3/13/2021,FY2021,FY2021 Q3,2021 Mar,"2021 Mar, 13",202103
20210314,3/14/2021,FY2021,FY2021 Q3,2021 Mar,"2021 Mar, 14",202103
20210315,3/15/2021,FY2021,FY2021 Q3,2021 Mar,"2021 Mar, 15",202103
20210316,3/16/2021,FY2021,FY2021 Q3,2021 Mar,"2021 Mar, 16",202103
20210317,3/17/2021,FY2021,FY2021 Q3,2021 Mar,"2021 Mar, 17",202103
20210318,3/18/2021,FY2021,FY2021 Q3,2021 Mar,"2021 Mar, 18",202103
20210319,3/19/2021,FY2021,FY2021 Q3,2021 Mar,"2021 Mar, 19",202103
20210320,3/20/2021,FY2021,FY2021 Q3,2021 Mar,"2021 Mar, 20",202103
20210321,3/21/2021,FY2021,FY2021 Q3,2021 Mar,"2021 Mar, 21",202103
20210322,3/22/2021,FY2021,FY2021 Q3,2021 Mar,"2021 Mar, 22",202103
20210323,3/23/2021,FY2021,FY2021 Q3,2021 Mar,"2021 Mar, 23",202103
20210324,3/24/2021,FY2021,FY2021 Q3,2021 Mar,"2021 Mar, 24",202103
20210325,3/25/2021,FY2021,FY2021 Q3,2021 Mar,"2021 Mar, 25",202103
20210326,3/26/2021,FY2021,FY2021 Q3,2021 Mar,"2021 Mar, 26",202103
20210327,3/27/2021,FY2021,FY2021 Q3,2021 Mar,"2021 Mar, 27",202103
20210328,3/28/2021,FY2021,FY2021 Q3,2021 Mar,"2021 Mar, 28",202103
20210329,3/29/2021,FY2021,FY2021 Q3,2021 Mar,"2021 Mar, 29",202103
20210330,3/30/2021,FY2021,FY2021 Q3,2021 Mar,"2021 Mar, 30",202103
20210331,3/31/2021,FY2021,FY2021 Q3,2021 Mar,"2021 Mar, 31",202103
20210401,4/1/2021,FY2021,FY2021 Q4,2021 Apr,"2021 Apr, 01",202104
20210402,4/2/2021,FY2021,FY2021 Q4,2021 Apr,"2021 Apr, 02",202104
20210403,4/3/2021,FY2021,FY2021 Q4,2021 Apr,"2021 Apr, 03",202104
20210404,4/4/2021,FY2021,FY2021 Q4,2021 Apr,"2021 Apr, 04",202104
20210405,4/5/2021,FY2021,FY2021 Q4,2021 Apr,"2021 Apr, 05",202104
20210406,4/6/2021,FY2021,FY2021 Q4,2021 Apr,"2021 Apr, 06",202104
20210407,4/7/2021,FY2021,FY2021 Q4,2021 Apr,"2021 Apr, 07",202104
20210408,4/8/2021,FY2021,FY2021 Q4,2021 Apr,"2021 Apr, 08",202104
20210409,4/9/2021,FY2021,FY2021 Q4,2021 Apr,"2021 Apr, 09",202104
20210410,4/10/2021,FY2021,FY2021 Q4,2021 Apr,"2021 Apr, 10",202104
20210411,4/11/2021,FY2021,FY2021 Q4,2021 Apr,"2021 Apr, 11",202104
20210412,4/12/2021,FY2021,FY2021 Q4,2021 Apr,"2021 Apr, 12",202104
20210413,4/13/2021,FY2021,FY2021 Q4,2021 Apr,"2021 Apr, 13",202104
20210414,4/14/2021,FY2021,FY2021 Q4,2021 Apr,"2021 Apr, 14",202104
20210415,4/15/2021,FY2021,FY2021 Q4,2021 Apr,"2021 Apr, 15",202104
20210416,4/16/2021,FY2021,FY2021 Q4,2021 Apr,"2021 Apr, 16",202104
20210417,4/17/2021,FY2021,FY2021 Q4,2021 Apr,"2021 Apr, 17",202104
20210418,4/18/2021,FY2021,FY2021 Q4,2021 Apr,"2021 Apr, 18",202104
20210419,4/19/2021,FY2021,FY2021 Q4,2021 Apr,"2021 Apr, 19",202104
20210420,4/20/2021,FY2021,FY2021 Q4,2021 Apr,"2021 Apr, 20",202104
20210421,4/21/2021,FY2021,FY2021 Q4,2021 Apr,"2021 Apr, 21",202104
20210422,4/22/2021,FY2021,FY2021 Q4,2021 Apr,"2021 Apr, 22",202104
20210423,4/23/2021,FY2021,FY2021 Q4,2021 Apr,"2021 Apr, 23",202104
20210424,4/24/2021,FY2021,FY2021 Q4,2021 Apr,"2021 Apr, 24",202104
20210425,4/25/2021,FY2021,FY2021 Q4,2021 Apr,"2021 Apr, 25",202104
20210426,4/26/2021,FY2021,FY2021 Q4,2021 Apr,"2021 Apr, 26",202104
20210427,4/27/2021,FY2021,FY2021 Q4,2021 Apr,"2021 Apr, 27",202104
20210428,4/28/2021,FY2021,FY2021 Q4,2021 Apr,"2021 Apr, 28",202104
20210429,4/29/2021,FY2021,FY2021 Q4,2021 Apr,"2021 Apr, 29",202104
20210430,4/30/2021,FY2021,FY2021 Q4,2021 Apr,"2021 Apr, 30",202104
20210501,5/1/2021,FY2021,FY2021 Q4,2021 May,"2021 May, 01",202105
20210502,5/2/2021,FY2021,FY2021 Q4,2021 May,"2021 May, 02",202105
20210503,5/3/2021,FY2021,FY2021 Q4,2021 May,"2021 May, 03",202105
20210504,5/4/2021,FY2021,FY2021 Q4,2021 May,"2021 May, 04",202105
20210505,5/5/2021,FY2021,FY2021 Q4,2021 May,"2021 May, 05",202105
20210506,5/6/2021,FY2021,FY2021 Q4,2021 May,"2021 May, 06",202105
20210507,5/7/2021,FY2021,FY2021 Q4,2021 May,"2021 May, 07",202105
20210508,5/8/2021,FY2021,FY2021 Q4,2021 May,"2021 May, 08",202105
20210509,5/9/2021,FY2021,FY2021 Q4,2021 May,"2021 May, 09",202105
20210510,5/10/2021,FY2021,FY2021 Q4,2021 May,"2021 May, 10",202105
20210511,5/11/2021,FY2021,FY2021 Q4,2021 May,"2021 May, 11",202105
20210512,5/12/2021,FY2021,FY2021 Q4,2021 May,"2021 May, 12",202105
20210513,5/13/2021,FY2021,FY2021 Q4,2021 May,"2021 May, 13",202105
20210514,5/14/2021,FY2021,FY2021 Q4,2021 May,"2021 May, 14",202105
20210515,5/15/2021,FY2021,FY2021 Q4,2021 May,"2021 May, 15",202105
20210516,5/16/2021,FY2021,FY2021 Q4,2021 May,"2021 May, 16",202105
20210517,5/17/2021,FY2021,FY2021 Q4,2021 May,"2021 May, 17",202105
20210518,5/18/2021,FY2021,FY2021 Q4,2021 May,"2021 May, 18",202105
20210519,5/19/2021,FY2021,FY2021 Q4,2021 May,"2021 May, 19",202105
20210520,5/20/2021,FY2021,FY2021 Q4,2021 May,"2021 May, 20",202105
20210521,5/21/2021,FY2021,FY2021 Q4,2021 May,"2021 May, 21",202105
20210522,5/22/2021,FY2021,FY2021 Q4,2021 May,"2021 May, 22",202105
20210523,5/23/2021,FY2021,FY2021 Q4,2021 May,"2021 May, 23",202105
20210524,5/24/2021,FY2021,FY2021 Q4,2021 May,"2021 May, 24",202105
20210525,5/25/2021,FY2021,FY2021 Q4,2021 May,"2021 May, 25",202105
20210526,5/26/2021,FY2021,FY2021 Q4,2021 May,"2021 May, 26",202105
20210527,5/27/2021,FY2021,FY2021 Q4,2021 May,"2021 May, 27",202105
20210528,5/28/2021,FY2021,FY2021 Q4,2021 May,"2021 May, 28",202105
20210529,5/29/2021,FY2021,FY2021 Q4,2021 May,"2021 May, 29",202105
20210530,5/30/2021,FY2021,FY2021 Q4,2021 May,"2021 May, 30",202105
20210531,5/31/2021,FY2021,FY2021 Q4,2021 May,"2021 May, 31",202105
20210601,6/1/2021,FY2021,FY2021 Q4,2021 Jun,"2021 Jun, 01",202106
20210602,6/2/2021,FY2021,FY2021 Q4,2021 Jun,"2021 Jun, 02",202106
20210603,6/3/2021,FY2021,FY2021 Q4,2021 Jun,"2021 Jun, 03",202106
20210604,6/4/2021,FY2021,FY2021 Q4,2021 Jun,"2021 Jun, 04",202106
20210605,6/5/2021,FY2021,FY2021 Q4,2021 Jun,"2021 Jun, 05",202106
20210606,6/6/2021,FY2021,FY2021 Q4,2021 Jun,"2021 Jun, 06",202106
20210607,6/7/2021,FY2021,FY2021 Q4,2021 Jun,"2021 Jun, 07",202106
20210608,6/8/2021,FY2021,FY2021 Q4,2021 Jun,"2021 Jun, 08",202106
20210609,6/9/2021,FY2021,FY2021 Q4,2021 Jun,"2021 Jun, 09",202106
20210610,6/10/2021,FY2021,FY2021 Q4,2021 Jun,"2021 Jun, 10",202106
20210611,6/11/2021,FY2021,FY2021 Q4,2021 Jun,"2021 Jun, 11",202106
20210612,6/12/2021,FY2021,FY2021 Q4,2021 Jun,"2021 Jun, 12",202106
20210613,6/13/2021,FY2021,FY2021 Q4,2021 Jun,"2021 Jun, 13",202106
20210614,6/14/2021,FY2021,FY2021 Q4,2021 Jun,"2021 Jun, 14",202106
20210615,6/15/2021,FY2021,FY2021 Q4,2021 Jun,"2021 Jun, 15",202106
20210616,6/16/2021,FY2021,FY2021 Q4,2021 Jun,"2021 Jun, 16",202106
20210617,6/17/2021,FY2021,FY2021 Q4,2021 Jun,"2021 Jun, 17",202106
20210618,6/18/2021,FY2021,FY2021 Q4,2021 Jun,"2021 Jun, 18",202106
20210619,6/19/2021,FY2021,FY2021 Q4,2021 Jun,"2021 Jun, 19",202106
20210620,6/20/2021,FY2021,FY2021 Q4,2021 Jun,"2021 Jun, 20",202106
20210621,6/21/2021,FY2021,FY2021 Q4,2021 Jun,"2021 Jun, 21",202106
20210622,6/22/2021,FY2021,FY2021 Q4,2021 Jun,"2021 Jun, 22",202106
20210623,6/23/2021,FY2021,FY2021 Q4,2021 Jun,"2021 Jun, 23",202106
20210624,6/24/2021,FY2021,FY2021 Q4,2021 Jun,"2021 Jun, 24",202106
20210625,6/25/2021,FY2021,FY2021 Q4,2021 Jun,"2021 Jun, 25",202106
20210626,6/26/2021,FY2021,FY2021 Q4,2021 Jun,"2021 Jun, 26",202106
20210627,6/27/2021,FY2021,FY2021 Q4,2021 Jun,"2021 Jun, 27",202106
20210628,6/28/2021,FY2021,FY2021 Q4,2021 Jun,"2021 Jun, 28",202106
20210629,6/29/2021,FY2021,FY2021 Q4,2021 Jun,"2021 Jun, 29",202106
20210630,6/30/2021,FY2021,FY2021 Q4,2021 Jun,"2021 Jun, 30",202106
