{"$schema":"http://schema.management.azure.com/schemas/2015-01-01/deploymentTemplate.json#","contentVersion":"1.0.0.0","parameters":{"PowerBIDatasets kristyna":{"type":"string"}},"variables":{},"resources":[{"name":"pl_tenant_info","type":"pipelines","apiVersion":"2018-06-01","properties":{"activities":[{"name":"call_notebook","type":"TridentNotebook","dependsOn":[],"policy":{"timeout":"0.12:00:00","retry":0,"retryIntervalInSeconds":30,"secureOutput":false,"secureInput":false},"typeProperties":{"notebookId":"9baddc83-a8bd-4684-bf61-1266f8c7b8d4","workspaceId":"253a31af-7442-450f-b93a-680a4831c265"}},{"name":"Semantic model refresh","type":"PBISemanticModelRefresh","dependsOn":[{"activity":"call_notebook","dependencyConditions":["Succeeded"]}],"policy":{"timeout":"0.12:00:00","retry":0,"retryIntervalInSeconds":30,"secureOutput":false,"secureInput":false},"typeProperties":{"method":"post","waitOnCompletion":true,"commitMode":"Transactional","operationType":"SemanticModelRefresh","groupId":"253a31af-7442-450f-b93a-680a4831c265","datasetId":"bf516025-0949-43c4-89cb-66eb9c5262b2"},"externalReferences":{"connection":"[parameters('PowerBIDatasets kristyna')]"}},{"name":"Failure Email","type":"Office365Outlook","dependsOn":[{"activity":"Semantic model refresh","dependencyConditions":["Failed","Skipped"]}],"typeProperties":{"inputs":{"method":"post","path":"/v2/Mail","body":{"To":"kristyna@dataonwheels.com","Subject":"Tenant Info Loader Failed","Body":"<p>Fix me please!</p>","Sensitivity":"","Importance":"Normal"}}}}],"lastModifiedByObjectId":"86aeac9f-971e-413b-9f78-ace434bd0a60","lastPublishTime":"2025-06-01T01:29:11Z"},"dependsOn":[]}]}